Artist,Listeners,Peak,Peak_Listeners
Bruno Mars,150728669,1,150728669
The Weeknd,123082152,1,123082152
Lady Gaga,119852973,2,119852973
Billie Eilish,105472152,1,108297865
Bad Bunny,95129889,3,95129889
Coldplay,92232739,4,96459910
Rihanna,90132358,2,90132358
Taylor Swift,87032621,1,116229071
SZA,84897922,9,84897922
Kendrick Lamar,84786737,8,84786737
Ariana Grande,84532872,2,123700287
Justin Bieber,82305297,3,104411890
Drake,74705511,3,86591246
Eminem,74251124,5,86389533
David Guetta,73561603,4,80447076
Travis Scott,72904250,6,75422869
Ed Sheeran,70322687,2,94810774
Post Malone,69783150,3,98466468
Sabrina Carpenter,69649031,4,90844193
ROSÉ,67924392,17,71124800
Kanye West,66544151,6,78581428
J Balvin,65088328,22,65088328
Dua Lipa,64862720,3,78673675
Maroon 5,64814771,21,64814771
Calvin Harris,62342575,13,73882008
Lana Del Rey,60821889,22,64952989
Shakira,60327282,3,82268835
Imagine Dragons,60221393,18,62801774
Katy Perry,59856842,23,65618321
Adele,59022640,23,62764213
Sam Smith,58663926,7,73972799
Future,58326779,22,65628348
Beyoncé,58183022,6,78122541
Sia,58164139,8,93545630
KAROL G,55997585,21,63139763
Pitbull,55865012,32,57732751
Rauw Alejandro,55771767,34,55799543
Miley Cyrus,55539752,2,84140935
Arctic Monkeys,55169014,36,56618863
Marshmello,54651391,11,68947085
Playboi Carti,53872495,30,59047563
Daddy Yankee,52994101,22,58098739
OneRepublic,52826703,23,64167172
Teddy Swims,51446382,44,51468697
Chris Brown,51174952,25,54390450
Gracie Abrams,51097838,43,51497815
Lil Wayne,50792757,46,50792757
21 Savage,50781535,17,66771445
Doja Cat,50780230,5,76357864
Khalid,50467576,28,55253946
Hozier,50166845,32,57616097
"Tyler, The Creator",50103233,43,52930766
Queen,48630063,29,64087998
Metro Boomin,48532898,17,64728517
Elton John,48445022,16,72669137
The Chainsmokers,48404137,47,50559085
Halsey,47980065,48,47980065
Linkin Park,47281880,29,60369972
Olivia Rodrigo,46962178,18,64128148
Nicki Minaj,46696542,18,65680733
Shawn Mendes,45912707,45,49285295
Peso Pluma,45588418,27,59429724
Maluma,45545064,56,47177187
Michael Jackson,45089993,35,55663612
Camila Cabello,45020962,57,48063760
Myke Towers,44362611,48,47235005
Harry Styles,44131219,13,66411599
Lola Young,43952321,68,43952321
One Direction,43566593,26,61154815
Arijit Singh,43539517,57,43539517
The Neighbourhood,43352741,62,45186994
Black Eyed Peas,42657725,57,43281556
Shreya Ghoshal,42650817,72,42650817
Benson Boone,42596330,31,60310612
Chappell Roan,42251280,59,46003960
Avicii,42245148,68,43468577
Feid,42111847,53,46407503
Pritam,41962604,75,41962604
Tate McRae,41826511,26,59945963
Ellie Goulding,41469057,51,45626754
Anitta,41169100,71,41361725
Selena Gomez,40813243,22,58879269
The Kid LAROI,40062175,50,46982806
USHER,39989113,47,51216038
JENNIE,39560992,85,39567837
Ozuna,38991544,40,51532028
Tiësto,38663851,38,53621311
Justin Timberlake,38442703,57,46918730
Charlie Puth,38364189,58,42603508
A.R. Rahman,38202113,88,38262861
Don Omar,38032470,89,38432695
XXXTENTACION,37988002,67,42898057
Don Toliver,37985265,85,38943885
Britney Spears,37930897,48,54776119
50 Cent,37676010,79,40126544
DJ Snake,37531930,94,37531930
Romeo Santos,37170082,97,37170082
Madonna,37043702,50,48192778
Frank Ocean,36962020,96,36966030
J. Cole,36873858,45,48760887
Grupo Frontera,36711521,64,39234817
Kesha,36694602,58,51088856
Ne-Yo,36648534,81,39892671
Morgan Wallen,36470611,59,46385773
Daniel Caesar,36354697,69,44105561
A$AP Rocky,36073425,91,38053171
Gunna,35864284,65,43236433
Ty Dolla $ign,35795823,40,52532512
Sean Paul,35408770,66,38975847
Lil Baby,35311674,76,41194598
Sexyy Red,35281544,111,35281544
Wiz Khalifa,35026575,96,37566246
Red Hot Chili Peppers,34909788,81,39602017
Anuel AA,34853863,83,35286500
P!nk,34732817,68,37814655
Swae Lee,34656285,51,47431521
JAY-Z,34509397,66,38587931
Fleetwood Mac,34480501,97,35832635
Kali Uchis,34164883,49,48511206
Cris Mj,34146856,52,49896640
Juice WRLD,34007181,92,39483073
Farruko,33775473,64,39498431
Ava Max,33616344,85,42954408
The Police,33477848,120,34009217
AC/DC,33222134,77,40609655
Bebe Rexha,33164129,37,49496274
Kygo,33077402,95,37407823
Sachin-Jigar,32767965,125,33519556
Disney,32749419,126,32749419
Nirvana,32578505,122,32994437
The Beatles,32564582,78,37399629
James Arthur,32545406,69,40276141
Central Cee,32105737,78,40321501
Manuel Turizo,31862893,66,39587171
Tom Odell,31738940,87,38447142
Alicia Keys,31727860,101,36467650
Akon,31695637,128,32792945
Flo Rida,31684528,112,34646575
Twenty One Pilots,31626370,118,34284091
ABBA,31616892,105,35949380
Mark Ronson,31590977,131,32768567
Green Day,31509421,96,36657007
Pharrell Williams,31479080,90,37520208
Fuerza Regida,31467262,105,35789194
Cigarettes After Sex,31297095,142,31297095
JHAYCO,31264024,102,33308450
Radiohead,30885739,146,30885739
Guns N' Roses,30687552,135,31649813
Bizarrap,30583892,28,54300662
Diplo,30581464,95,34712763
Omar Courtz,30483303,143,31088939
Macklemore,30457268,99,36292075
Bon Jovi,30282557,143,30721045
Charli xcx,30081917,56,46491335
Snoop Dogg,29956303,109,34236028
GIVĒON,29919627,145,30054127
Nicky Jam,29826494,128,30366327
RAYE,29787721,70,36484906
Lord Huron,29735045,146,31623501
Ovy On The Drums,29642417,156,29642417
Jack Harlow,29597312,29,59210566
Carin Leon,29559895,125,32386759
Vishal-Shekhar,29530410,160,29530410
Cardi B,29529891,84,36282159
Gigi Perez,29427699,159,29430391
Lewis Capaldi,29408277,66,37776153
Amitabh Bhattacharya,29287389,149,30111225
Dei V,29253615,155,29780833
Creedence Clearwater Revival,29197424,92,38637577
Jason Derulo,29156199,77,39368590
Gorillaz,29050882,54,41977704
Tyla,28971378,112,34775358
Young Thug,28693730,97,33656406
Lily-Rose Depp,28581480,117,32569522
Mac Miller,28575850,173,28673744
Noah Kahan,28488081,86,37900933
Megan Thee Stallion,28486143,108,35834865
Robin Schulz,28347030,76,34908935
Tanishk Bagchi,28268894,165,29015967
Anne-Marie,28184370,61,41501481
FloyyMenor,28171827,66,42961167
Nelly Furtado,28075659,159,28075659
DaBaby,28011085,103,32070946
Enrique Iglesias,27882649,151,29585670
ZAYN,27834229,160,28851598
Mariah Carey,27806194,5,100610625
Florence + The Machine,27753887,108,35434529
Danny Ocean,27721169,187,27721169
Udit Narayan,27648581,183,27648581
d4vd,27647546,94,31836766
GloRilla,27609168,166,28822517
Lil Uzi Vert,27566182,67,39580515
Billy Joel,27485627,132,32898654
Lost Frequencies,27326954,105,36503461
Metallica,27182459,144,27227046
Major Lazer,27004999,132,31365666
Alan Walker,26965220,100,33218914
Steve Lacy,26894489,111,31029345
beabadoobee,26865574,198,26865574
Demi Lovato,26844943,98,33320815
Neton Vega,26813830,201,26813830
Christina Aguilera,26794417,143,34034008
The Rolling Stones,26680535,138,29911374
The Killers,26558173,178,28483994
Zach Bryan,26462087,119,34463168
Tame Impala,26368885,162,28367463
Conan Gray,26332276,167,28549479
Bee Gees,26139385,158,28740653
Chencho Corleone,26111098,106,31161386
BTS,26050969,63,40741916
KK,26006426,211,26006426
Meghan Trainor,25951132,69,41619008
Shaboozey,25949931,110,35811664
Whitney Houston,25773907,135,35060772
Blessd,25758555,207,26439074
Junior H,25705541,141,28903235
Jennifer Lopez,25692892,194,26516673
Kodak Black,25691457,99,33708388
Childish Gambino,25681268,151,30712179
2Pac,25618780,189,26076300
Trippie Redd,25580209,137,31720053
Ryan Castro,25572125,171,29371208
Mitski,25571548,71,39387536
Sebastian Yatra,25503251,137,28235688
Atif Aslam,25376932,222,25376932
Empire Of The Sun,25333590,226,25333590
Arcángel,25219325,112,29918189
Quevedo,25143201,71,38182790
Zara Larsson,25123716,162,29026526
Clean Bandit,25115120,167,29350485
Doechii,25114261,231,25114261
Miguel,25036642,80,34144669
The Cranberries,24738651,190,27044375
Shilpa Rao,24735327,158,28394666
Arcane,24639725,212,27212029
Luke Combs,24597805,114,34881535
Dr. Dre,24566652,194,27880888
TOTO,24561718,147,31472214
Journey,24521413,201,26816449
Oscar Maydon,24510710,174,28881483
The Marías,24435554,241,24435554
Becky G,24434406,78,36514621
Shankar Mahadevan,24379444,241,24388071
Tito Double P,24299830,244,24299830
The Script,24290525,204,26078314
Camilo,24219567,246,24219567
Natanael Cano,24061029,159,28962500
Fall Out Boy,24043825,129,30377374
Alok,24037161,123,33578843
Swedish House Mafia,23992918,187,26245665
Aerosmith,23990133,201,23990133
Tainy,23812814,91,35233699
NLE Choppa,23761180,181,24991591
Dominic Fike,23677495,198,26534259
Young Miko,23647262,105,33633855
Irshad Kamil,23636370,256,23636370
Vishal Mishra,23579322,227,24121173
John Legend,23409043,107,36598430
Oasis,23391133,130,32783280
ROSALÍA,23366326,47,46715627
Djo,23321521,63,44239817
Tory Lanez,23313758,180,26498835
French Montana,23307117,220,25515389
Artemas,23299262,43,53546898
Summer Walker,23230899,167,28542051
Bob Marley & The Wailers,23164794,170,28137637
Tears For Fears,23159259,238,24307146
Calum Scott,23116028,131,28676261
Outkast,23081014,203,26630672
Sunidhi Chauhan,23061627,269,23061627
Avril Lavigne,23058089,214,25975556
Chase Atlantic,23041726,263,23118141
Lil Tecca,22997469,231,24535136
Gabito Ballesteros,22983146,237,23182423
TV Girl,22906531,255,23816777
Shankar-Ehsaan-Loy,22843830,275,22843830
Kapo,22842939,271,22915853
System Of A Down,22824642,249,24010200
Mohit Chauhan,22764946,267,22873696
PARTYNEXTDOOR,22736398,268,22874809
G-Eazy,22668303,223,25019815
Phil Collins,22619593,260,23998160
Tommy Richman,22569356,47,50755802
Disclosure,22511378,253,24194511
Kid Cudi,22457717,149,29550228
The Notorious B.I.G.,22450894,202,25886768
Brent Faiyaz,22447877,192,25902758
Anirudh Ravichander,22443581,114,31302762
Martin Garrix,22432248,175,23962214
Luis R Conriquez,22421660,288,22421660
Sonu Nigam,22384320,281,22741063
Lauv,22273193,257,22273193
Backstreet Boys,22263915,205,26680229
Bastille,22211315,183,26610747
Mithoon,22198844,279,22362109
Labrinth,22180874,67,36829106
Daft Punk,22177719,225,23376824
Beéle,22096562,298,22096562
Train,22093402,171,29211060
Bryson Tiller,22085806,169,28259185
Alka Yagnik,22048472,287,22048472
Nickelback,21986461,264,23366875
Pink Floyd,21965266,258,21965266
Bryan Adams,21961693,231,26007882
Tyga,21928971,176,25118039
Plan B,21767198,229,24657446
The Goo Goo Dolls,21716276,211,25524668
Javed Ali,21673082,308,21673082
Paramore,21664764,251,22641315
Diljit Dosanjh,21644201,247,23839106
Lorde,21617300,222,23023548
Elvis Presley,21576521,57,52355319
Chris Stapleton,21568465,197,26834473
Rema,21563996,60,40010586
Yo Yo Honey Singh,21558033,288,22069295
Lil Durk,21548105,92,34773282
Rels B,21547291,239,24237621
Amy Winehouse,21480314,279,22846644
Troye Sivan,21443361,107,32443596
Vance Joy,21436968,117,32405324
Luis Fonsi,21321039,214,23290182
JID,21299638,100,34163239
Myles Smith,21280863,170,28960193
Timbaland,21280333,256,21725657
Ray Dalton,21272629,310,21310686
Felix Jaehn,21161149,194,24535929
Keane,21151168,314,21151168
Badshah,21145226,273,23042104
DJ Khaled,21124452,124,29389696
The Lumineers,21109069,165,28855344
Stephen Sanchez,21092037,82,34322910
El Alfa,20972385,223,23914135
Dire Straits,20957324,313,21284160
Bruce Springsteen,20927786,107,38727164
Glass Animals,20862610,132,28077809
Maria Becerra,20793880,159,26919900
AFROJACK,20773930,235,25016746
Wisin & Yandel,20646171,173,23350285
yung kai,20644640,339,20644640
Mac DeMarco,20628233,318,20710634
Yandel,20540000,126,27875326
U2,20503852,233,23044157
Ayra Starr,20473695,134,32190133
Macklemore & Ryan Lewis,20400525,190,25456801
5 Seconds of Summer,20336628,205,25934585
Jonas Brothers,20307078,119,34608604
Marvin Gaye,20274317,243,22903088
Eagles,20264579,104,38461042
Offset,20182074,183,25315155
Tulsi Kumar,20155746,346,20616552
Himesh Reshammiya,20147705,351,20147705
Måneskin,20125296,134,26818201
Kings of Leon,20099304,241,24493486
HUGEL,20072376,354,20072376
CYRIL,20068568,227,25127423
Mc Gw,20062198,238,24214206
"Earth, Wind & Fire",20039719,198,26595110
TINI,19950398,194,26064686
League of Legends,19944879,336,21226665
Nelly,19921240,316,20062232
Panic! At The Disco,19878570,165,27310489
Jason Mraz,19859267,282,21336382
Aventura,19845652,327,21207184
Lil Nas X,19822404,61,37597256
Alessia Cara,19750749,227,25204710
Burna Boy,19684539,244,24057543
ATL Jacob,19641388,210,25072953
Pop Smoke,19614260,162,25280553
Dido,19612610,307,21688560
Ruth B.,19553533,224,23065545
The Offspring,19545003,309,21326758
Stromae,19504803,249,25659827
Chinmayi,19463269,357,19758776
Natasha Bedingfield,19442653,165,28725197
Jaani,19442249,319,21270757
Led Zeppelin,19391306,294,19391306
R.E.M.,19382730,332,19390798
Jasleen Royal,19302793,298,19931406
Daryl Hall & John Oates,19301121,133,34415282
Sech,19300925,174,23591625
Alphaville,19299234,271,22723241
Clairo,19284612,337,20395711
Tiago PZK,19279372,244,22623731
Devi Sri Prasad,19274510,350,20167765
RaiNao,19268199,315,21341252
Anderson .Paak,19264485,197,23668985
Stevie Wonder,19250846,114,34912997
Skrillex,19224603,175,23635431
Grupo Firme,19223966,257,22421731
Duki,19181673,162,26492455
Joji,19167757,116,29284554
Sachet-Parampara,19143235,391,19143235
Jubin Nautiyal,19133380,241,22249499
Christian Nodal,19114920,220,24683573
Juanes,19100840,332,19164230
Big Sean,19092758,166,29499746
Sachet Tandon,19054468,363,19316400
Elley Duhé,18992221,150,25586962
Lil Peep,18960274,337,21168577
Dean Lewis,18917811,266,19801720
Nicki Nicole,18909065,173,27818511
Mora,18892747,151,27760085
blink-182,18889481,268,22103116
Topic,18887489,343,19460472
Amit Trivedi,18816767,384,18816767
Foo Fighters,18813738,231,23378244
Amaal Mallik,18733277,394,19443427
De La Ghetto,18704948,238,21703557
Baby Keem,18698527,237,23094570
Imogen Heap,18527465,410,18527465
Reik,18516502,253,22018792
Vishal Dadlani,18434130,307,19035408
Trueno,18361676,178,28176321
Disturbed,18326113,286,22402786
Jung Kook,18324871,61,40791781
Céline Dion,18257681,105,38976847
Julia Michaels,18180172,309,20387752
Lenny Tavárez,18163146,278,22544589
George Michael,18119656,139,31867957
Tems,18071383,351,20045383
Kausar Munir,18026600,420,18026600
Roddy Ricch,18001268,205,23016594
Jessie J,17964532,304,23379270
Rochak Kohli,17944039,424,17944039
Latto,17935346,74,38062951
Rahat Fateh Ali Khan,17926602,426,17926602
MC Tuto,17922540,400,18873532
Neha Kakkar,17904451,397,18678926
Parampara Tandon,17889334,424,17902350
Kunaal Vermaa,17881201,419,18269527
Polo G,17865608,263,22834466
Foster The People,17828016,313,22182297
FISHER,17811935,382,19632720
Gabry Ponte,17808971,379,19299756
Migos,17771169,296,20299307
Chezile,17754576,417,17952523
Los Ángeles Azules,17712159,374,19765045
Zion & Lennox,17689513,230,22169487
Anu Malik,17680303,435,17680303
Kim Petras,17661886,43,46551289
Cyndi Lauper,17645369,214,25807659
Chino Pacas,17633053,267,21601531
Gotye,17629772,367,18863328
Madhubanti Bagchi,17624118,444,17624118
Alex Warren,17609847,445,17609847
Carly Rae Jepsen,17590717,317,18869973
Alesso,17544263,259,21319973
T-Pain,17529632,372,18873052
Prince Royce,17462557,339,18754885
Evanescence,17462328,407,18667852
Gwen Stefani,17391243,131,35714924
Lil Yachty,17350524,315,20524026
Karan Aujla,17348462,349,19861429
The Cure,17348399,354,19787965
Jelly Roll,17302596,273,23529805
Annie Lennox,17302552,301,22105566
Hotel Ugly,17201163,256,23321907
Neeti Mohan,17182241,454,17266809
Asees Kaur,17153206,420,17605775
Dave,17111839,135,29100809
Coolio,17108027,367,19724313
Manoj Muntashir,17087666,461,17087666
Shaggy,17078665,328,18459819
Darshan Raval,17078192,286,20349184
BigXthaPlug,17071652,465,17278854
PNAU,17049298,220,22323897
Alec Benjamin,17037218,251,23650761
Naughty Boy,17025614,459,17088739
Julieta Venegas,16972301,376,19459228
David Kushner,16952140,143,27928294
Lin-Manuel Miranda,16914672,461,16968839
Jay Wheeler,16884648,300,19956526
The Smiths,16866601,432,17960171
LISA,16858929,242,23865652
B Praak,16799315,366,19588169
Frank Sinatra,16797012,33,61802582
Sade,16758339,477,16758339
a-ha,16753943,180,28104014
*NSYNC,16744296,138,32534951
Julión Álvarez y su Norteño Banda,16738786,397,18790693
Noah Cyrus,16729079,339,20615213
BLACKPINK,16711329,173,25116235
My Chemical Romance,16699286,389,19625163
Bon Iver,16699269,287,21981333
PinkPantheress,16691732,60,39844680
Emilia,16644710,337,19179139
Sevdaliza,16635300,219,25431578
benny blanco,16617887,262,23177471
JVKE,16590003,110,31684143
Maná,16559673,334,19468590
Jonas Blue,16545394,226,22821691
Rvssian,16539594,180,27438055
Kimbra,16508808,434,17862679
Bob Sinclar,16475124,436,17742161
Limp Bizkit,16471048,468,16471048
Bill Withers,16442114,219,25445001
NATTI NATASHA,16400035,331,17498549
Paulo Londra,16313249,401,16734709
Cage The Elephant,16311630,401,18343382
Kelly Clarkson,16303351,29,64847712
De La Rose,16291948,385,19272035
Gesaffelstein,16280421,273,18995025
MGMT,16259435,416,18279387
Steve Aoki,16243971,216,21606912
Adam Port,16215873,241,24739687
Jess Glynne,16196623,421,19358245
Sean Kingston,16190386,381,18574495
Henrique & Juliano,16185853,461,18043242
Nile Rodgers,16113424,209,25999504
Kane Brown,16111485,418,18066809
Ice Cube,16100868,325,18290286
MC Ryan SP,16050075,349,19355147
Divya Kumar,16031008,405,18610694
Justin Quiles,16017660,223,21581896
MEDUZA,15988303,222,22148251
Daya,15984602,340,20492260
Kehlani,15949973,413,17718711
Luis Miguel,15923851,309,21870866
Mike Posner,15908067,400,17945456
George Ezra,15905816,291,20125754
Zedd,15893646,317,17028438
Armaan Malik,15873093,381,16761065
The 1975,15870520,341,16303938
Bryant Myers,15855212,341,18758660
Kacey Musgraves,15818362,182,27365334
Dolly Parton,15801613,245,26134547
The Walters,15774514,371,19385847
Mark Ambor,15730685,134,35210214
Alejandro Fernández,15729163,404,16078925
Sajid-Wajid,15728641,526,15728641
Salim–Sulaiman,15724841,526,15724841
Muse,15716684,480,16445948
Lata Mangeshkar,15712371,523,15712371
Carlos Vives,15711667,375,18576958
Jeremih,15661099,527,15661099
Morat,15653333,344,16643863
YoungBoy Never Broke Again,15626138,288,19051130
Priya Saraiya,15599025,535,15599025
Ice Spice,15590338,49,47203544
Eladio Carrion,15588520,156,26738598
Eslabon Armado,15569226,64,40132836
Little Mix,15554737,287,19963380
David Bowie,15530542,317,20160489
Lynyrd Skynyrd,15527698,389,17985151
Bob Dylan,15504160,492,16331047
Tove Lo,15497977,321,16726850
Laufey,15464962,89,43026697
Kumaar,15461877,316,17005446
Ñengo Flow,15453933,207,22145574
Darell,15453231,238,22214709
KISS,15406124,475,15423095
Dimitri Vegas & Like Mike,15398237,357,19897730
GIMS,15391593,528,15500721
R3HAB,15370246,210,23584295
John Mayer,15361566,327,19806976
Raj Shekhar,15352166,554,15352166
Varun Jain,15351524,557,15351524
Hariharan,15343753,538,15343753
Morad,15300836,559,15300836
Boney M.,15292297,268,24770644
Chayanne,15227249,474,17003813
girl in red,15202772,262,23016471
Armin van Buuren,15173955,440,16690011
Manan Bhardwaj,15154239,247,24056763
Quavo,15124593,188,27599002
Milo j,15116705,265,21285336
A Boogie Wit da Hoodie,15111855,213,22882543
Ana Castela,15066696,324,20415436
S. P. Balasubrahmanyam,15061490,566,15061490
Jonita Gandhi,14981536,337,18322100
Lyanno,14947800,416,15200027
Roxette,14929349,520,15877772
B.o.B,14912103,312,21112481
Alejandro Sanz,14907631,432,14907631
Brray,14867569,405,16966488
Jatin-Lalit,14862927,576,14862927
Weezer,14833909,440,17152581
Fred again..,14782594,397,18388836
Dimitri Vegas,14772543,446,17182026
Eyedress,14765833,399,18287094
Surf Curse,14750387,319,20913105
Anuv Jain,14726654,505,16066445
Robbie Williams,14716916,392,18905659
Scorpions,14683413,514,14683413
The White Stripes,14679014,290,22483264
The Strokes,14619836,423,17607267
Beach House,14605177,521,14605177
John Newman,14602496,532,15591878
Michael Bublé,14595912,13,73651203
Bradley Cooper,14556689,457,15474144
Yeat,14556092,149,28149740
Benny Dayal,14548404,522,15041645
NewJeans,14547331,160,26786050
Keinemusik,14540167,233,25010459
blackbear,14530777,259,19962853
Eurythmics,14524871,364,19541941
LE SSERAFIM,14502120,476,16058007
Em Beihold,14467680,135,26666031
WALK THE MOON,14459551,410,18076284
Banda MS de Sergio Lizárraga,14408280,393,18371806
Shania Twain,14398452,352,17682454
Lenny Kravitz,14395423,580,14476610
Ricky Martin,14370129,365,15898287
Grupo Menos É Mais,14344824,537,15768800
Bring Me The Horizon,14332657,475,15125559
Stryv,14302155,266,23709586
Romy,14255314,607,14255314
AURORA,14250444,473,14534307
¥$,14229186,106,34770239
Thaman S,14195008,591,14566351
Christina Perri,14180887,424,16831407
Yorghaki,14148871,612,14148871
Kailash Kher,14133411,611,14133411
Alleh,14117751,614,14117751
Niall Horan,14095579,129,27578996
mgk,14063415,409,16617303
Madison Beer,14057189,339,19836973
Jeet Gannguli,14046492,614,14056998
NATTAN,14043023,560,15450750
Joan Sebastian,14034823,610,14258543
Léo Foguete,14009457,568,15080414
NF,13975840,275,19447227
D-Block Europe,13959514,227,23915073
Pearl Jam,13945425,488,15656385
Foreigner,13923084,492,16792715
Cosculluela,13918775,589,13918775
Roop Kumar Rathod,13906448,623,13906448
Shaan,13898522,626,13898522
Sukhwinder Singh,13898053,600,13898053
Richy Mitch & The Coal Miners,13885801,218,25801578
KHEA,13882454,458,16911588
Jorge & Mateus,13875270,539,15856100
SYML,13873200,464,14726953
The Fray,13837418,624,13885763
Destiny's Child,13815255,330,22189099
Taio Cruz,13812051,520,14270300
Grupo Marca Registrada,13807266,264,22007861
W&W,13790606,440,17304881
Stebin Ben,13776180,636,13780383
Three Days Grace,13719673,595,14219993
Gigi D'Agostino,13709102,509,16063549
Luck Ra,13639436,571,14861035
Coi Leray,13633196,72,38479080
Passenger,13629622,422,16765920
Papa Roach,13615447,611,13649696
La Arrolladora Banda El Limón De Rene Camacho,13611333,646,13611333
Black Sabbath,13608580,465,16595839
Dalex,13547338,355,18038673
Olivia Newton-John,13543665,548,15711570
3 Doors Down,13491357,644,13491357
Ms. Lauryn Hill,13489474,486,16319683
Slipknot,13471543,543,14484077
Bad Gyal,13420818,405,16628326
Matheus & Kauan,13401827,595,14665070
DJ Luian,13343610,293,19413064
Aitana,13332524,411,15094220
Zendaya,13326130,496,15183083
Survivor,13300778,598,13878844
Fetty Wap,13286590,659,13286590
DJ Nelson,13285135,453,16878140
Oruam,13268791,636,13513282
Zé Felipe,13267614,600,13304045
Gucci Mane,13222350,401,16561931
Paul McCartney,13211104,79,43578778
K. S. Chithra,13206835,639,13206835
Rae Sremmurd,13198045,412,15144345
Lil Tjay,13166924,268,19548091
Mambo Kingz,13165222,298,19318210
Hans Zimmer,13161500,562,14296237
Alfredo Olivas,13142587,582,13862718
Noriel,13141513,614,14106226
Depeche Mode,13140174,418,16717329
Pabllo Vittar,13119513,242,24426272
Fergie,13116621,562,13272678
Yami Safdie,13109212,673,13109212
Camila,13107132,508,15900239
Calibre 50,13075177,488,13075177
Cults,13061105,463,16570191
Milky Chance,13032366,417,16426763
Thomas Rhett,13024952,663,13024952
Meek Mill,13023138,393,15553179
Wisin,13014193,405,15614069
Los Enanitos Verdes,13011592,543,15265491
M83,13007095,592,13396168
Tony Dize,12989231,481,15601281
Zion,12988749,650,13259878
Lunay,12981841,456,15718665
Jhené Aiko,12964933,557,13720267
The Pussycat Dolls,12962178,619,12962178
Normani,12958869,521,13231383
Eric Clapton,12943620,550,12996090
Rex Orange County,12939308,336,16098724
The Clash,12937443,507,16396253
Mary J. Blige,12928458,691,12928458
Bonnie Tyler,12920586,611,13559948
Gym Class Heroes,12916973,441,16413777
Rvfv,12905114,670,12918944
Palak Muchhal,12891776,698,12891776
Mc Livinho,12882226,665,13081602
fun.,12877992,594,13389730
Marco Antonio Solís,12877623,688,12877623
Ajay-Atul,12865195,597,12865195
6LACK,12850738,321,16978376
TLC,12847471,509,15896784
Cazzu,12831530,679,12831530
Shekhar Ravjiani,12825209,392,15805465
Ram Sampath,12812145,472,16606741
Sting,12806196,551,14870169
G. V. Prakash,12804035,673,13233083
Cher,12794708,217,25664744
Rick Ross,12788357,514,15272290
Becky Hill,12784603,257,20058164
Ke Personajes,12774260,595,13811908
MAGIC!,12767256,549,14945320
LUDMILLA,12763734,327,19760775
X Ambassadors,12721930,398,14934403
Gusttavo Lima,12718681,508,15115981
Mon Laferte,12691757,718,12691757
Shubh,12680312,551,13540727
Van Morrison,12669215,333,21361390
Imanbek,12666211,280,18669813
Jesse & Joy,12660936,440,15999739
Blur,12659074,556,12999306
Pablo Alborán,12627688,519,14229540
Dasha,12593550,221,27379872
Wesley Safadão,12590288,630,12636327
New West,12577313,421,15372580
Juan Luis Guerra 4.40,12560387,700,12560387
Billy Idol,12551239,628,12565506
Brytiago,12524532,556,13359249
Piso 21,12521175,303,20327383
Rammstein,12517871,636,12831661
Tinashe,12517647,377,19002563
Blondie,12509194,552,13208088
The Smashing Pumpkins,12503869,659,12503869
Karthik,12472149,723,12472707
Bomba Estéreo,12469782,290,18055394
Crowded House,12469588,681,13009112
Capital Cities,12463427,518,15735026
Electric Light Orchestra,12459726,522,14986263
Yuvan Shankar Raja,12428362,663,13133325
WILLOW,12407536,360,15561760
Deftones,12406394,743,12406394
Kylie Minogue,12405763,233,24715118
Xavi,12401600,129,31501727
Luan Pereira,12389032,488,16440555
Jaideep Sahni,12362508,741,12362508
Kumar Sanu,12356800,701,12356800
AP Dhillon,12345450,394,16784298
NOTION,12332505,750,12332505
James Bay,12330924,571,12803948
Santana,12324312,344,12324312
Olly Alexander (Years & Years),12322522,738,12384382
Lukas Graham,12318854,407,18243782
Jowell & Randy,12311783,516,13905356
Tammi Terrell,12301917,445,16282284
Soulja Boy,12272991,662,12314997
Raghav Chaitanya,12272593,754,12272593
R. D. Burman,12266675,731,12335423
Mumford & Sons,12237803,629,12578885
Ofenbach,12235767,392,18344823
Zerb,12223826,369,18649657
Chief Keef,12223235,436,15873183
Johnny Cash,12211452,592,13632777
Calle 24,12194920,347,18990432
Sandro Cavazza,12178651,703,12693895
Chrystal,12150417,767,12150417
Jungle,12138079,544,14773883
Sadhana Sargam,12117023,742,12117023
Yseult,12112563,288,22756249
ScHoolboy Q,12105362,492,16556015
The Game,12103924,508,13935195
Simon & Garfunkel,12102401,488,16424922
Malachiii,12085956,262,23766421
La Oreja de Van Gogh,12083180,462,17350078
Russ,12073379,365,17041050
Beach Weather,12057702,597,13538779
NIKI,12024349,581,13264614
No Doubt,12000331,688,12498646
Laura Pausini,11991585,517,16503545
Eden Muñoz,11988000,367,17438441
Addison Rae,11985695,450,17534490
Mc Don Juan,11984283,421,17278848
Bernadya,11982928,505,16108630
Arash,11971451,779,11972948
T.I.,11957815,587,11957815
Galantis,11954350,338,18896883
Creed,11949155,783,11949155
Mario,11938860,765,12052280
Montell Fish,11923904,614,13623841
Mc Paiva ZS,11921402,786,11925060
John Lennon,11920616,80,42190219
Orso,11914928,265,23709586
Snow Patrol,11914767,783,11914767
Leon Bridges,11902055,597,13761494
The Verve,11901585,795,11901585
MC PH,11886592,542,14958523
Mahalakshmi Iyer,11886246,797,11886246
Selena Gomez & The Scene,11884591,525,13559306
Mau y Ricky,11824434,489,12943019
M.I.A.,11814227,801,11814227
Jack Johnson,11806455,518,15485519
Phoebe Bridgers,11783283,706,13144215
Vicente Fernández,11763157,647,14287433
Zé Neto & Cristiano,11762303,584,13788491
Los Tigres Del Norte,11756960,714,13052632
Maren Morris,11748693,432,14821271
Nikhita Gandhi,11739274,485,14908425
Sid Sriram,11725764,596,12482616
Ciara,11706034,639,12431393
Harris Jayaraj,11702700,776,11911062
Yng Lvcas,11695618,101,32431402
Ella Henderson,11691043,364,17142204
Kate Bush,11690180,424,14101915
Mazzy Star,11688749,812,11689259
America,11673359,654,13190209
Busta Rhymes,11672214,599,13099883
Andmesh,11653199,818,11653199
OMI,11625466,669,13042332
Melanie Martinez,11616010,257,20251491
Los Tucanes De Tijuana,11613242,484,14566004
Tracy Chapman,11606768,348,19175912
Jordan Adetunji,11604241,428,18177028
6ix9ine,11602122,584,12167814
Marc Anthony,11590254,419,14118563
Spice Girls,11589032,591,13114444
NAV,11580177,203,24009796
Belinda,11571419,585,14320082
cassö,11559691,265,21787952
Jorja Smith,11559653,469,16402144
Silk Sonic,11541180,373,15167191
Mismatched - Cast,11537339,832,11537339
Wham!,11526715,13,81641878
Haddaway,11504775,787,11892330
Isabel LaRosa,11493926,323,21221325
Hoobastank,11484014,821,11484014
MC LUUKY,11456547,739,12764479
TWICE,11455102,499,12855155
Juicy Luicy,11450845,741,12110384
Hugo & Guilherme,11431198,706,12194388
Van Halen,11399946,485,14349969
SOG,11396435,656,13624856
Flume,11389382,571,13480342
Lasso,11387730,750,11949377
Nakash Aziz,11386941,819,11643142
bbno$,11384972,721,11384972
Aditya Sharma,11378498,842,11387354
The Cardigans,11372518,742,12158038
Asha Bhosle,11336062,847,11336062
Rekha Bhardwaj,11321853,850,11321853
Moneybagg Yo,11313302,543,13691597
Sam Barber,11279526,852,11279526
Marília Mendonça,11239624,398,14932890
aespa,11235602,619,13739202
Shafqat Amanat Ali,11232252,855,11232252
Abhijeet,11231768,856,11231768
Men At Work,11230749,620,13582552
will.i.am,11229103,566,12835275
Seeb,11226405,603,13308958
PEDRO SAMPAIO,11222490,649,12430384
Kavita Krishnamurthy,11209606,861,11209606
Lionel Richie,11204262,641,11623824
Maiara & Maraisa,11194580,622,13295151
Kany García,11185829,600,13949342
070 Shake,11183293,101,30903161
DJ Glenner,11175382,721,12956235
CamrinWatsin,11168139,861,11199808
Stray Kids,11165533,682,13521875
The Mamas & The Papas,11151915,622,13830643
Jax Jones,11145958,354,17202952
Rudimental,11142416,439,17290320
Wicked Movie Cast,11131989,658,13877384
Murilo Huff,11114426,623,13512150
Vijay Deverakonda,11111851,873,11115001
Anurag Saikia,11090966,875,11090966
Grelo,11090388,758,12242458
Gulzar,11083508,877,11083508
Korn,11047675,683,12292792
Tones And I,11042134,416,15010580
Matt Sassari,11036703,722,12242661
Radhikka Madan,11021318,881,11026559
Key Glock,11016833,444,16394056
Wizkid,11009970,523,13758308
ILLIT,11003825,420,17757605
BL3SS,11000121,879,11028027
Fifth Harmony,10995759,675,12514217
Chance Peña,10991387,564,14147981
The Temper Trap,10987773,882,10987773
Odetari,10982549,611,14062107
bbyclose,10968038,884,11000184
Lizzo,10949485,105,30100497
Counting Crows,10947109,734,11147837
Ace of Base,10939483,815,11577330
Like Mike,10930397,519,15371036
Tokischa,10927780,394,17115778
Haze,10915211,644,13425088
24kGoldn,10905872,393,15117675
Rod Stewart,10904003,521,15047871
John Travolta,10902993,688,13226920
Iyaz,10899550,676,12842021
Mahalini,10892961,708,12445107
Neeraj Shridhar,10882379,822,11465019
Shweta Mohan,10877447,820,11531406
Timmy Trumpet,10875770,648,11977506
A$AP Ferg,10871776,585,12719676
Prince,10870035,630,12369141
MC Kevin o Chris,10869381,317,19054899
Audioslave,10841386,907,10841386
DJ TOPO,10829933,721,12220776
Santa Fe Klan,10805850,576,12886402
Henry Freitas,10803645,876,11007403
Bailey Zimmerman,10801492,739,11564754
Kishore Kumar,10798418,909,10798418
Joel Corry,10789137,301,18601830
H.E.R.,10776635,503,13009255
The Beach Boys,10769638,161,31364150
Patrick Watson,10764301,666,13136966
Rag'n'Bone Man,10749683,475,16109002
Jombriel,10721010,919,10721010
Nicky Youre,10704641,362,16422807
Justice,10700278,921,10700278
Natanzinho Lima,10692234,912,10752425
Pomme,10691095,508,16931754
Indila,10690110,813,11185834
Father John Misty,10637895,574,13624258
$uicideboy$,10619118,603,12765583
Seafret,10613269,480,12965413
Daecolm,10609152,928,10609152
King Von,10608162,857,10630132
Alex Krack,10583382,930,10583382
Hindia,10581198,931,10581198
MC Cebezinho,10578336,912,10806980
Mc Th,10575278,919,10677403
Shashaa Tirupati,10573368,797,10576758
Payal Dev,10565835,559,13540518
Clams Casino,10560691,920,10616117
Gustavo Mioto,10557057,616,12902041
Lyodra,10541051,839,11343249
Vacations,10535885,808,11167410
Jessie Murph,10534504,707,12832690
Carrie Underwood,10527032,663,11844710
iann dior,10519427,438,14436905
Tyler Childers,10514453,610,13302962
LMFAO,10498641,905,10498641
The Outfield,10492413,406,18751264
Sixpence None The Richer,10489502,664,13190880
Standly,10487029,438,13833044
Simone Mendes,10482101,535,14861604
Kungs,10477671,401,16546336
Felipe Amorim,10469532,628,12110443
KALEO,10466082,470,17159684
Yan Block,10461784,725,12817307
Edward Maya,10455413,859,11317460
ZZ Top,10432357,644,12205493
DJ Oreia,10425872,900,10829245
Juan Gabriel,10418523,777,11167757
Nanpa Básico,10416723,788,11730288
Tina Turner,10413127,308,19164105
Jasiel Nuñez,10413033,713,12779992
Ankit Tiwari,10401109,960,10401109
The Temptations,10399535,631,13625814
Luísa Sonza,10394763,456,15224327
Luar La L,10389403,605,12945000
Sin Bandera,10386354,826,10835403
Ariis,10374288,787,11995767
Mika Singh,10371323,958,10371323
Idina Menzel,10348751,213,27851083
hey daisy,10347409,426,14690270
DNCE,10338177,591,12178319
Tom Petty,10334524,680,12072427
Cynthia Erivo,10317724,646,14195711
James Blunt,10311778,553,12707443
Owl City,10292795,753,10725335
Mc Leozin,10286720,717,12290958
Ben E. King,10278892,538,13965870
Altamash Faridi,10269128,530,13542217
Luke Bryan,10262286,601,12170317
PAWSA,10251548,978,10251548
Jimin,10247795,374,17889425
Modern Talking,10240127,651,13539206
Aretha Franklin,10239955,475,17009365
SAIKO,10238036,418,16442141
Frankie Valli,10227481,938,10340736
The Doors,10227241,576,14836797
Sublime,10222401,715,12352613
Nio Garcia,10209818,484,13791945
Mustard,10189601,477,16679943
José José,10188869,769,11875861
Ludovico Einaudi,10186987,919,10186987
Rage Against The Machine,10180174,737,11081757
ERNEST,10176949,618,14052464
Soda Stereo,10167697,654,12924399
Sophie Ellis-Bextor,10165924,226,23967750
Tulus,10165342,858,11011004
La Adictiva,10163376,647,11844888
Stormzy,10153149,690,12387299
John Summit,10147629,841,11263759
YNW Melly,10131864,619,12098740
MC Marks,10126357,879,11413079
Thalia,10125386,699,10518720
Avenged Sevenfold,10125359,715,12268247
Rita Ora,10121969,350,15748850
Guilherme & Benuto,10114409,525,14877807
Suki Waterhouse,10106020,915,10518504
Alvaro Diaz,10089920,487,16168880
Etta James,10080543,708,11990433
Nilo,10079659,1000,10079659
Haricharan,10066499,836,11307565
2 Chainz,10065735,518,13825486
Sasha Alex Sloan,10064896,463,14497829
Mc IG,10061882,640,12825821
John Martin,10042615,668,11535835
Nate Ruess,10041691,573,14920728
Birdy,10041367,662,11832939
Hombres G,10037923,589,14682087
Jaymes Young,10034212,530,13123344
Wallows,10032300,648,13176091
Edgardo Nuñez,10013010,431,16906197
DFZM,10009395,574,15060961
Monali Thakur,10000327,948,10320185
Jimmy Eat World,9984438,679,12294605
Gera MX,9978566,706,11401409
Oliver Tree,9971441,85,33995315
Riley Green,9954112,851,11082028
Jazzy,9943219,1019,9947881
Ángela Aguilar,9940430,619,13090032
Antara Mitra,9940396,1002,9940396
Tego Calderón,9934923,746,12169352
Jarabe De Palo,9923344,848,11288754
Ferrugem,9919167,920,10934806
Sum 41,9908527,788,11437182
DMX,9904499,615,10919370
For Revenge,9902455,1022,9979285
Rashmi Virag,9891356,880,9891356
Luan Santana,9873167,479,15797554
Keyshia Cole,9871834,793,11212896
Nessa Barrett,9869270,1027,9869270
Jøtta,9854427,1038,9854427
El Bogueto,9837728,1033,9918622
Ashe,9832591,516,14091983
Purple Disco Machine,9827259,451,14934992
LANY,9820967,768,10264738
George Harrison,9810769,977,10292276
INXS,9793381,798,10326929
Nadin Amizah,9792901,848,9910210
Shaarib Toshi,9786302,963,9786302
Sagar,9779016,943,10750087
Yeah Yeah Yeahs,9756480,816,11556510
keshi,9753289,504,13668403
James Hype,9732410,460,13541656
Santhosh Narayanan,9724238,943,10384118
Tochi Raina,9723098,955,9723098
DJ Di Marques,9705988,1053,9705988
Yusuf / Cat Stevens,9703317,722,11465268
YG,9693170,530,12471725
Manu Chao,9682881,650,12111612
L7NNON,9675444,583,12086026
Dilsinho,9673739,762,11575175
Lizzy McAlpine,9666206,293,18459665
Rascal Flatts,9665356,822,10060800
bôa,9664790,1027,9738868
Akhil Sachdeva,9658488,1062,9658488
Feby Putri,9657458,1020,9814706
Lainey Wilson,9650177,653,13541651
Duran Duran,9647108,830,11106815
Andy Grammer,9639174,733,10141505
Cardenales De Nuevo León,9636803,938,10788169
Frankie Ruiz,9635026,1042,9757544
Regard,9618910,594,12725630
Natalia Lafourcade,9614464,685,12900184
Mari Fernandez,9607713,515,14086116
Ikky,9605155,880,10572303
Siddharth - Garima,9602502,549,14517947
ENHYPEN,9598229,861,10254021
Leo Dan,9597856,871,11063313
Norma Jean Martine,9596685,575,14075257
Chicago,9591001,790,11621396
Big One,9589042,398,16419449
Zac Efron,9588993,810,11283312
Yuridia,9577176,569,11987029
Los Dareyes De La Sierra,9565192,542,13881841
Masego,9562618,733,11852173
Amarabha Banerjee,9559173,1083,9559173
Ayushmann Khurrana,9556812,1037,9678218
Powfu,9555790,913,9966417
Jordan Davis,9555220,689,11670670
Alex G,9554627,978,10156874
Ricky Montgomery,9548894,1026,9950805
Mc Daniel,9547132,615,13555851
Will Smith,9541890,819,11424925
Victor Mendivil,9528020,1091,9528020
Blake Shelton,9526894,329,21028245
Novo Amor,9525806,951,9638538
Arko,9519749,1079,9530805
Jay Sean,9492329,959,9734442
Logic,9486529,431,13970820
The Lantis,9486336,1097,9486336
MC GP,9484605,792,11123412
Bakar,9480753,461,16733660
Dermot Kennedy,9478695,405,14690713
Lilly Wood and The Prick,9465146,917,10680087
Michael Marcagi,9460705,307,21166338
Alemán,9453526,918,9453526
Omah Lay,9447466,767,11853184
The Adventures Of Stevie V,9438933,1105,9438933
Pixies,9437748,778,10439571
John Denver,9433160,600,13363125
Brooks & Dunn,9427725,866,11338905
D.O.D,9426084,1101,9426084
Ryan Lewis,9397251,181,27624928
Leona Lewis,9363672,295,23234916
Alisha Chinai,9360315,1104,9360315
WIU,9359113,701,11201412
Intense,9356448,1018,9870097
Disciples,9352314,755,11871137
MARINA,9337407,694,10453772
Aditya Rikhari,9337334,975,10342001
Diddy,9336914,398,16823499
Heart,9327045,717,10760608
Seu Jorge,9321855,553,14779841
Sohail Sen,9313665,1107,9387066
Riton,9313568,685,11432336
Jory Boy,9307888,1122,9307888
Louis Armstrong,9301342,331,20774856
ELENA ROSE,9293071,1050,9702100
KATSEYE,9292170,618,14033481
Royel Otis,9285549,1042,9808473
Incubus,9282623,944,10099913
Adolescent's Orquesta,9280503,1027,9920381
Florida Georgia Line,9272858,505,13886025
Love Funk,9272197,1015,10197626
Thundercat,9264802,447,14506297
Dhvani Bhanushali,9262880,643,11726344
Supertramp,9256231,770,11079047
Carla Morrison,9253864,565,11635580
Mc Delux,9248483,862,10901851
Bleachers,9248234,633,14449206
wave to earth,9233028,1122,9233028
Nusrat Fateh Ali Khan,9219086,974,9219086
Alice In Chains,9206649,1032,9331524
INNA,9202782,646,13405922
Franz Ferdinand,9201675,995,9942995
Sonny Fodera,9197846,1143,9197846
Tiara Andini,9187536,866,10800747
Dhee,9187217,1088,9482208
Hanumankind,9184462,244,24453289
James Blake,9183708,582,12512105
Sky Rompiendo,9180011,403,16344563
Jorsshh,9178898,1149,9178898
Avery Anna,9166024,1149,9166024
Simple Minds,9164289,937,9745879
Willie Colón,9158612,898,11231664
Dynoro,9139760,835,11481797
The Black Keys,9137979,621,13313966
Sufjan Stevens,9130641,841,10726112
Kool & The Gang,9128773,875,10031067
Kenny Rogers,9126884,842,10796353
SAINt JHN,9120520,614,10813983
Bazzi,9110459,428,14609192
Javed-Mohsin,9103296,782,10392053
Ha*Ash,9086723,978,9735699
RÜFÜS DU SOL,9084428,1036,9650200
BABYMONSTER,9073841,953,10072324
Flo Milli,9060350,262,22109344
Sidhu Moose Wala,9053285,637,11847588
MC Rick,9052779,1166,9052779
Smash Mouth,9037331,817,11323052
Mc Rodrigo do CN,9025217,1157,9044172
Ozzy Osbourne,9020371,805,10761665
Ilaiyaraaja,9012284,1108,9012284
Icona Pop,9010707,597,13570205
4 Non Blondes,9010456,1135,9010456
Of Monsters and Men,9002850,958,9840281
Grey,9001785,913,9761928
Clave Especial,8989897,1081,9780206
Villano Antillano,8982509,682,12701778
Javed Bashir,8982349,1177,8982349
BENNETT,8979349,603,13437506
alt-J,8978952,843,10387663
Nina Simone,8978380,990,9752031
Vintage Culture,8973582,961,10029332
Gente De Zona,8968958,1162,8968958
Belanova,8959308,787,10413819
Luny Tunes,8956326,1152,9023142
Dhanush,8951433,1021,9866845
Skillet,8947089,906,10695017
Guru Randhawa,8945578,715,10872244
Lauana Prado,8944909,760,11452065
"Tito ""El Bambino""",8941408,930,10213056
MNEK,8937355,451,13903326
The Doobie Brothers,8935926,706,12568883
MixSingh,8931420,1093,9608882
Kenia OS,8916514,634,13784879
Cafuné,8915731,1118,9272854
King,8908548,392,16307386
Ricardo Arjona,8908545,838,9785219
Lykke Li,8908113,860,10857162
Sorriso Maroto,8904045,1053,9893388
Randy,8883318,1195,8883318
Los Bukis,8863432,1006,10308020
Cody Johnson,8861629,937,10274474
Maisak,8859276,1011,9911623
Nate Smith,8850172,877,10843323
Last Child,8845111,1014,9958369
El Malilla,8842155,1142,9301048
DENNIS,8841792,432,17466515
Micro TDH,8837467,732,11447644
Sleepy Hallow,8835895,717,11449893
Wheatus,8832305,1199,8832305
Naresh Iyer,8832216,1152,8832216
Otis Redding,8828121,468,16801154
ILLENIUM,8827953,570,12528350
Cristian Castro,8820610,1067,8820610
Nas,8815713,547,13392042
Israel & Rodolffo,8813969,656,11805143
Little Simz,8807842,693,12740528
Cartel De Santa,8794416,376,15547760
Ken Carson,8790984,882,10775792
Boladin 211,8788094,1219,8788094
Natalie Imbruglia,8786061,862,11016168
Alex Rose,8786047,1156,9096005
Fiersa Besari,8784553,1154,8972686
CKay,8779719,429,15504745
Pawan Singh,8773975,746,12240308
Hailee Steinfeld,8762403,440,14217074
Lijo George-Dj Chetas,8757674,1094,9432321
Chance the Rapper,8754254,623,10952938
Descemer Bueno,8752122,1228,8752122
Naeleck,8745102,654,12632163
Kalmi,8740278,468,16934279
HUMBE,8726240,787,11828118
Far East Movement,8721509,1228,8721509
KEVIN ROLDAN,8719482,1028,8719482
Norah Jones,8717488,671,12891772
Paradox,8715711,1175,8876257
Anand Raj Anand,8707147,1226,8707147
Rosa Linn,8706229,213,22368082
Jon Pardi,8695217,849,10289056
Ogryzek,8694037,1177,8954491
Kenny Loggins,8690148,718,10716636
Chris Isaak,8688362,1219,8703203
Internet Money,8680983,587,11545527
Selena,8677348,899,10536136
C. Tangana,8671220,700,11454863
Muni Long,8670403,526,14925072
Harshdeep Kaur,8654874,1246,8654874
Pedro Capó,8642842,634,11680899
Matheus Fernandes,8639452,678,12407534
Meet Bros.,8637139,1115,8637139
Chris Lake,8633455,815,11248545
Gordo,8629348,1187,8713892
Good Neighbours,8627308,497,15516763
LXNGVX,8620103,794,11384322
Starship,8616231,847,11197892
London Symphony Orchestra,8615134,842,11208736
Two Feet,8604640,856,9668762
Talking Heads,8598074,760,12088005
Gurinder Gill,8588472,692,11301680
Filipe Ret,8582665,973,9751661
MKTO,8570389,831,11109215
La Bouche,8568644,645,13267972
Willy William,8566311,780,10376125
Johann Sebastian Bach,8562478,937,9859427
Dionela,8562150,1181,8857612
Paul Simon,8559493,932,9120134
Lola Indigo,8557520,555,12485738
Ray Charles,8547666,849,11195360
Aqua,8540372,61,41819994
Davido,8540154,1003,9480504
Saweetie,8536629,703,11523382
Thirty Seconds To Mars,8528780,874,9718710
Juan Magán,8525757,986,9711529
Dove Cameron,8522052,367,15363797
Emmanuel,8521921,1180,9029153
Ludwig van Beethoven,8506870,1120,8513329
Avvy Sra,8498693,978,9737783
MF DOOM,8478042,1061,9588344
Sam Feldt,8477724,435,15313300
Chris Jedi,8471275,736,11817178
Ñejo,8469656,634,12006529
Orochi,8464470,919,10501022
Creepy Nuts,8462196,999,9730260
Dan + Shay,8461179,388,18547976
Ana Gabriel,8460002,911,10508537
Taiu,8458750,449,16743687
Marc Seguí,8455987,1213,8455987
Kansas,8453792,646,13264985
Loreen,8447058,329,18358956
Vierra,8446718,1198,8908506
Tim McGraw,8429946,590,14643751
Rise Against,8422732,1158,8422732
Kodaline,8407677,836,10091624
Majestic,8406867,970,10242016
BIGBANG,8406574,1267,8485246
Prashant Pandey,8402306,764,11660260
(G)I-DLE,8395525,566,13699591
Zoé,8386180,1153,8386180
Andrés Calamaro,8385040,1128,9257577
Majid Jordan,8384412,934,9587875
Kenya Grace,8380982,107,32478392
Shadab Faridi,8372852,584,12567527
Los Temerarios,8370713,1081,9173173
Boza,8342929,892,10759792
KayBlack,8325280,674,12399893
León Larregui,8322182,1305,8322182
Jósean Log,8320859,1217,8642940
Sofiya Nzau,8317348,832,11204619
Faye Webster,8308630,1308,8308630
BØRNS,8308000,820,10042261
FINNEAS,8304780,840,11324344
Rajat Nagpal,8300931,794,10791944
MC Jvila,8298459,1196,8853798
UB40,8298317,975,10009316
Eric Church,8295150,734,11083348
Elevation Worship,8281583,1293,8281583
LIT killah,8275639,383,16770036
Pamungkas,8267748,1137,8906943
Dread Mar I,8251565,912,9781524
Anuradha Paudwal,8250174,1077,9284108
Salim Merchant,8247735,1315,8252394
Cascada,8245685,964,9772300
Ndotz,8245064,542,15420353
Omar Varela,8243966,1108,9139545
BUNT.,8232042,1294,8292715
R. City,8223174,1174,8642651
Sujatha,8222315,1266,8282720
Boyz II Men,8214259,997,10287493
Carlos Rivera,8213377,847,9143637
Mötley Crüe,8212361,924,9165803
MC Cabelinho,8212213,706,11710253
Joey Bada$$,8198360,772,10299380
Nueva H,8196480,1241,8691639
Rick Astley,8193017,1171,8922136
Vijay Prakash,8190398,1273,8313338
Rony Parulian,8177967,1335,8177967
Clayton & Romário,8177478,1280,8263131
Felipe e Rodrigo,8159650,1076,9315134
Kadu Martins,8152826,706,11268989
Fugees,8150276,925,10083894
Goodboys,8148442,508,12349197
El Fantasma,8145187,695,12208875
Benny Benassi,8145132,896,9607912
Men I Trust,8132963,844,10199300
Bunny,8126441,1178,8926165
Caralisa Monteiro,8126430,695,10073438
Trey Songz,8126360,1091,8285685
Jim Croce,8124439,909,10628190
Brenno & Matheus,8123024,973,10521958
Two Door Cinema Club,8119167,922,10284678
Gloria Trevi,8088119,1232,8428425
Eddie Santiago,8078818,1327,8175890
Cassie,8068131,819,11479357
Hungria,8062246,949,9922581
Connor Price,8053251,908,10293507
La Quinta Estacion,8053063,964,9990151
AJR,8050975,576,11478322
A7S,8050651,578,11363223
Harrdy Sandhu,8042373,1034,8391170
AgroPlay,8031508,736,10962379
Portugal. The Man,8022302,590,14507187
Mc Kako,8013739,1136,9180437
Francesco Yates,8000227,1092,9410405
Alan Jackson,7998076,884,10566160
Hiten,7996026,1336,8278942
Mc Negão Original,7993766,1365,7993766
Mohammed Rafi,7993170,1361,8001062
Whethan,7982384,723,12122814
Kelsea Ballerini,7959138,649,10785406
Gazo,7954464,982,9106967
Matuê,7953676,920,10210578
Bellakath,7952480,574,13805188
David Bisbal,7950932,954,9614542
Pol Granch,7950635,1266,8016252
Gerardo Ortiz,7939210,888,9489617
MC Hariel,7936981,810,11053901
The Animals,7928100,1125,8758998
Jul,7917882,1032,9184258
HARDY,7913216,798,11792487
Dent May,7909333,1282,8455438
Jasmine Sandlas,7907568,1315,8172687
Denzel Curry,7903814,985,9386560
Mohammed Irfan,7901136,1382,7901136
Stefflon Don,7899643,1110,9116108
Zac Brown Band,7894243,654,11797952
Melendi,7892952,1086,9330997
Aya Nakamura,7890455,734,10985127
Toploader,7884040,1043,9701746
Los Dos Carnales,7872781,952,9759851
Duncan Laurence,7868318,847,9233454
Declan McKenna,7864708,947,10097970
Guaynaa,7862903,923,8534285
iZaak,7857628,823,11300905
Suzanne D'Mello,7855805,1182,8897225
Beny Jr,7854148,1263,8326343
Warren Zeiders,7851844,1201,8549333
Willie Nelson,7849949,568,14219269
Lily Allen,7847895,1183,8921096
Ivan Cornejo,7845840,1162,8816285
Danna Paola,7845226,531,12298665
Wolfgang Amadeus Mozart,7842936,1223,7842936
Yovie & Nuno,7835365,1348,8115108
Alan Menken,7828869,753,10625887
Ella Eyre,7825072,825,10381165
Nidji,7821312,1271,8364873
IVE,7815550,608,11793543
Luciano,7813911,829,9205446
Papon,7807858,1407,7807858
Oliver Heldens,7802506,710,11081326
Jason Aldean,7798417,698,11170383
Eric Carmen,7797034,1390,7837488
Colbie Caillat,7793654,824,10144142
Pepe Aguilar,7789500,1141,8918584
Skylar Grey,7787145,741,12185951
The Paper Kites,7785194,1012,9360166
Miguel Bosé,7782688,653,11632240
Virgoun,7772279,1193,8088223
Old Dominion,7771331,944,10095441
FMK,7769850,356,17577323
Iggy Azalea,7766979,1020,8429721
Anyma,7763117,1362,8010227
Beastie Boys,7760932,776,10144142
JP Cooper,7757219,826,8964796
Dom Dolla,7755964,1077,9249350
MK,7754629,766,10623731
Banda El Recodo,7741643,1086,8426340
MC Joãozinho VT,7730742,1235,8694845
The All-American Rejects,7727304,1215,8101795
Dusty Springfield,7727206,905,10305065
YOASOBI,7726993,760,10365956
Frédéric Chopin,7725020,1249,7725020
Roy Orbison,7723412,674,12770696
Ash King,7716721,1264,8406572
Iron Maiden,7716721,937,8544793
Casper Magico,7715619,936,9193558
Lenin Ramírez,7701490,796,9012853
Maggie Rogers,7698555,866,10798867
Ella Mai,7698149,917,8167244
Fireboy DML,7692159,778,10491359
Sayfalse,7691216,1435,7691216
Xamã,7689983,604,10846179
Paloma Faith,7687674,579,11429573
Rod Wave,7679249,826,10144129
Kenshi Yonezu,7677666,1024,7785393
Lady A,7662839,878,8960393
Crystal Castles,7662337,1190,8072734
Sonder,7651854,1385,8006378
Yailin la Mas Viral,7645721,1443,7661981
Shreyas Puranik,7638823,589,13630503
KISS OF LIFE,7633990,1371,8065384
Anuradha Sriram,7633092,1418,7633092
J Alvarez,7631651,1276,7845045
Def Leppard,7624346,994,8333121
LATIN MAFIA,7616567,1009,9294955
Jon Z,7614816,1046,8483840
Veigh,7612359,794,10661265
Charlie Brown Jr.,7609411,1415,7756388
Faheem Abdullah,7599667,1424,7732669
Loud Luxury,7597732,593,12238932
Elyanna,7596313,822,11442037
DJ Ari SL,7593347,1049,9911671
Kevin Kaarl,7593255,1052,8492990
Sam Cooke,7592436,896,10225079
salvia palth,7588067,1162,8974957
Paulina Rubio,7587805,1085,7587805
Kaash Paige,7586252,1231,8713803
Øneheart,7585977,1109,9008648
Juss,7585240,1319,8355767
Soundgarden,7584113,1285,7954842
Modjo,7580259,1456,7581051
Teezo Touchdown,7574723,533,15597127
Eve,7569702,1351,7569702
La Factoria,7567808,1171,8226532
Diego & Victor Hugo,7564954,873,10584752
Alanis Morissette,7562689,1063,9189304
Marina Sena,7560797,1304,8313908
Calle 13,7557927,1033,8573634
Jeremy Zucker,7557617,513,12231275
Deorro,7557172,952,9845311
Turma do Pagode,7548598,1265,8617766
Ghost,7546767,778,10413273
LOUKI,7533503,643,13532847
Rivo,7531083,912,10530227
Jimi Hendrix,7523230,791,9903151
João Gomes,7520103,791,11130158
Ernie Zakri,7513945,1420,7875149
Andrea Bocelli,7512101,532,16445025
Bronski Beat,7510328,1271,8473407
El Padrinito Toys,7510327,985,10035334
Missy Elliott,7503567,622,11145049
Soft Cell,7500219,883,10785618
Rio Clappy,7493706,1491,7493706
Simple Plan,7488669,1126,9192504
The Who,7485921,937,9119495
Fitz and The Tantrums,7482040,756,11667964
Ashnikko,7480246,1098,9557793
Rauhan Malik,7476041,1442,7653184
Estevan Plazola,7475301,1497,7475301
MC G15,7470916,726,12170289
Tucker Wetmore,7468624,1276,7915741
Adnan Sami,7461681,1493,7463064
Elvis Crespo,7456612,1105,9507006
Ramajogayya Sastry,7451013,1292,8274252
Xand Avião,7450099,799,9060333
American Authors,7446209,1078,8662056
Lewis Somes,7445163,660,13277154
Shouse,7444961,530,13218201
Laura Branigan,7438555,1383,7838870
Mother Mother,7431737,1008,8600568
Miranda!,7428715,708,10227443
Skepta,7426281,1465,7426281
Canserbero,7424660,1412,7424660
Ade Govinda,7421269,1445,7778565
Shakthisree Gopalan,7418298,1206,7855314
Falling In Reverse,7413100,1183,8555264
George Strait,7410993,1052,9334251
Diana Ross,7408714,957,8331381
Nemzzz,7407002,1468,7648582
Dj GM,7396968,939,10170662
Mustafa Zahid,7394165,1519,7394165
The Kooks,7393275,1222,8151586
Yasser Desai,7389965,827,8738809
Felipe Araújo,7388095,1351,8081769
Eternxlkz,7376287,937,10083535
Ja Rule,7375477,1266,7557882
Fujii Kaze,7375079,584,11578504
.Feast,7375051,1526,7375051
Dhanda Nyoliwala,7368857,1526,7368857
Mainstreet,7356526,781,11206118
Chase & Status,7354856,1031,9789087
Axwell /\ Ingrosso,7354357,1101,8971879
Rusherking,7347446,426,15596238
Kiki Dee,7341865,1212,8197057
VYRUS,7340508,1533,7340508
Megan Moroney,7324160,1222,8793604
Caifanes,7323219,1398,7968722
Pet Shop Boys,7322570,1304,7791541
Franco De Vita,7321998,942,10292039
LUM!X,7313050,830,9461438
Nat King Cole,7308243,61,50429506
Duke Dumont,7306577,1043,8520831
Anand-Milind,7300707,1529,7300707
Ado,7290887,1237,8717575
Gianluca Grignani,7289611,1543,7289611
Anggi Marito,7287692,887,9510926
Sal Priadi,7286076,868,11088256
Greeicy,7277932,1283,7798962
Grupo Niche,7277114,1398,7993581
Seether,7276691,1382,7391695
Gloria Groove,7273421,1260,8448527
Kordhell,7270282,408,14497317
Chuck Berry,7269796,156,32785665
The Jackson 5,7261188,150,31031521
Aaron May,7256802,884,10543579
Hiphop Tamizha,7254513,1237,7686266
Matchbox Twenty,7250000,1116,8803686
Mani Sharma,7247814,1548,7259457
Bruno & Marrone,7242829,1153,9247530
All Time Low,7235073,1081,8234139
Ella Langley,7229704,1263,8258252
Asake,7228759,821,11630505
Mrs. GREEN APPLE,7227414,1499,7348848
DJ Japa NK,7225135,1545,7225135
Tom Petty and the Heartbreakers,7224105,949,10006120
Vidyasagar,7219830,1546,7219830
Sublahshini,7218285,1286,8479073
Gryffin,7210307,654,10446335
Sigala,7203980,384,15011420
Mc Davi,7201271,670,12324247
Lee Brice,7195145,1012,8632311
Bob Seger,7190895,1155,8248775
Paris Paloma,7188185,1571,7188185
Conjunto Primavera,7180191,1394,7180191
Dhruv,7178861,704,12466780
Gilberto Santa Rosa,7174919,1287,7869488
Eddy Lover,7174897,1477,7591279
Vika Jigulina,7174759,1417,7757592
Rocío Dúrcal,7174311,1137,8926579
Jigar Saraiya,7169284,1409,7747192
Beach Bunny,7164243,951,9416022
Air Supply,7159839,1397,7538740
Mr. Probz,7151403,1320,7151403
Gajendra Verma,7149461,1043,8429794
Khruangbin,7145666,1254,8062646
Liam Payne,7143112,733,12364938
Manuel Medrano,7142862,1044,9035565
Commodores,7142555,1314,7675896
Niklas Dee,7133540,1020,9161160
Wale,7132804,1222,7657188
Cali Y El Dandee,7127945,1004,8378982
TOMORROW X TOGETHER,7122236,629,12038327
2KE,7121945,1196,8766898
Supernova Ent,7121360,1046,8483150
Chimbala,7115936,982,10068152
фрози,7108698,1038,9534124
Hivi!,7106824,1374,8002103
Tony Aguirre,7101018,711,11605697
Shiloh Dynasty,7100517,724,10081564
Blackstreet,7088712,1504,7209480
Joan Jett & the Blackhearts,7088031,734,12101033
Oh Wonder,7086740,902,9535371
Mecano,7084170,1371,7754098
Ski Mask The Slump God,7080571,738,10318769
Bibi Babydoll,7080022,954,9086016
Mukesh,7079047,1569,7130461
Breaking Benjamin,7076871,1433,7579665
La Joaqui,7074728,610,10853959
Armenta,7074058,1607,7074058
FIFTY FIFTY,7073267,70,37675143
Nick Jonas,7058754,844,8943545
Angel Y Khriz,7056013,1240,7150443
Shinedown,7045107,1511,7046950
Café Tacvba,7043145,1316,7376080
Afgan,7040663,1312,7899069
Brandy,7024738,880,10686420
Intocable,7024236,1182,7852171
Neil Diamond,7017147,1101,9202321
Saindhavi,7004939,1600,7004939
Raffaella Carrà,7000605,296,22229065
The Red Clay Strays,7000033,1526,7180411
Poppy Baskcomb,6983349,1440,7653454
isq,6983224,1346,7989281
42 Dugg,6973469,816,9279623
Mc Magal,6971491,1603,7030460
Baby Gang,6962938,1179,8309083
VINAI,6945298,1013,9188363
Yovie Widianto,6943711,1335,7994227
YOVNGCHIMI,6940254,586,12923482
La T y La M,6937273,1556,7220118
Dennis Lloyd,6936444,908,10566810
Shinda Kahlon,6935631,770,10540796
Gurnazar,6928912,1577,6935565
Grimes,6927370,1449,7125333
PSY,6920910,1429,6932343
Ricardo Montaner,6920026,1040,7854090
Duelo,6915456,1438,7115752
YUNGBLUD,6913008,1022,8656515
Eros Ramazzotti,6912815,977,8893059
DYSTINCT,6907580,1021,9711892
Neon Trees,6903730,1062,9321298
Young Cister,6898744,1640,6898744
Prasoon Joshi,6896895,1641,6896895
Chino & Nacho,6894489,1626,6894489
Vijay Yesudas,6890314,1479,6956057
Clementine Douglas,6883822,1314,8079116
Keith Urban,6868925,909,9073976
Cutting Crew,6866545,1575,6866545
JP Saxe,6864315,898,9580582
Olly Murs,6862824,1298,7884015
Teto,6858209,981,7893583
Banda Los Recoditos,6856019,1379,6856019
Tom Walker,6846982,1077,8610478
Thiaguinho,6846110,1284,7929790
Kim Carnes,6837320,1574,7180811
Don Diablo,6836345,1235,8151794
Gregory Alan Isakov,6831774,1236,7969093
FAST BOY,6829500,541,11900190
Soolking,6814085,823,10862635
Adrian Khalif,6812644,1467,7451671
Irene Cara,6811377,1200,7983150
Marilyn Manson,6805044,1277,7805126
Culture Club,6804660,1331,7382832
Hades66,6801038,1340,7090026
Vinayak Sasikumar,6799389,1316,8112240
Arthur Nery,6793999,1664,6793999
Tee Grizzley,6790162,1109,9249052
S. Janaki,6787630,1489,6961111
DJ Guih Da ZO,6786438,1413,7686873
Bacilos,6785748,750,10937343
Puyalo Pantera,6779896,1662,6795477
Pyotr Ilyich Tchaikovsky,6778826,681,12798069
Lloyd,6778644,1671,6778644
Mc Kadu,6777804,840,10730651
HAYLA,6776315,1291,7931466
LUCKI,6774868,1461,7237629
The Righteous Brothers,6774096,1447,7534641
Mc Lele JP,6772530,1537,7280199
Aitch,6769690,773,9426643
Ludacris,6767325,1227,7331813
lucidbeatz,6766330,1547,7289663
Stevie Nicks,6761154,1461,7000970
Dewa 19,6756907,1128,9207537
Dímelo Flow,6756509,632,13279047
Moby,6756041,1354,7141804
Fat Joe,6753626,1173,8405240
Lil Mosey,6753556,939,8289306
Boston,6746139,921,10405212
Sheryl Crow,6744772,1054,8496874
Mitraz,6743149,963,9986603
MIKA,6734614,1168,7711661
Ariel Camacho y Los Plebes Del Rancho,6725694,1690,6725694
Gibran Alcocer,6720216,1417,7806482
Shiraz Uppal,6718145,1679,6739740
Mc Menor Do Alvorada,6713337,761,10647877
Neil Young,6710432,972,10204641
Cheat Codes,6708582,608,10975050
Elderbrook,6704048,1057,8854734
Auli'i Cravalho,6700421,1416,7862425
Robert Miles,6681404,996,8703859
Eric Land,6679348,1399,7868161
Michael Sembello,6674421,1682,6703596
Gerardo Coronel,6673158,806,9613040
Parson James,6673113,1540,7111448
Neoni,6672759,1442,7270728
The Pointer Sisters,6669421,1450,7712876
Jere Klein,6661472,601,13082461
Alejandra Guzman,6660896,1660,6660896
DJ ANXVAR,6657773,1707,6657773
Kyle Richh,6657701,1308,8167067
Bakermat,6654519,615,14018425
Pradeep Kumar,6654215,1641,6839117
KAYTRANADA,6650529,894,10021901
Queens of the Stone Age,6648901,1037,8472804
Gravagerz,6648111,1702,6648111
Peggy Gou,6647420,215,23511011
J Abdiel,6642355,1003,9883625
Lauren Spencer Smith,6641640,904,9427721
MC Leozinho ZS,6638885,1700,6638885
Los Gemelos De Sinaloa,6635955,1584,6635955
Lithe,6634106,819,11183806
Young Nudy,6632822,788,10428436
MAX,6629405,750,11143093
Ninho,6626523,1193,7556733
Celia Cruz,6625753,1348,6811479
Sandesh Shandilya,6623234,1668,6708107
El Komander,6622028,1093,9235654
Fabio Asher,6613790,1464,7042163
Vulgo FK,6606746,944,9229989
George Benson,6606472,1598,6895398
Naresh Kamath,6606255,1729,6606255
NDX A.K.A.,6604592,1725,6604592
Europe,6596358,1240,7290917
Stone Temple Pilots,6595489,1371,6880970
Joe Jonas,6593906,1530,7441622
Pineapple StormTv,6593353,1118,8011329
Jyotica Tangri,6589856,1508,7335563
Joel De La P,6587344,733,11905397
"Héctor ""El Father""",6586190,1713,6659253
Dadju,6585600,1375,7369953
The Human League,6581253,1639,6826981
Mohammad Faiz,6575301,921,10216520
Toby Keith,6574443,844,10755536
Ali Gatie,6573365,756,9794001
Gloria Gaynor,6573250,1210,7660707
DIVINE,6571237,1360,7059161
Paresh Kamath,6567862,1745,6567862
Río Roma,6567396,1021,7654530
Omar Apollo,6561121,592,11377789
Steve Miller Band,6560240,1032,8669027
Don McLean,6547162,1117,7945750
88rising,6545571,1034,7606297
Jessie Reyez,6542617,241,21763207
Garry Sandhu,6535666,1379,7208016
Dhibu Ninan Thomas,6532211,1530,7267403
Henry Moodie,6530315,692,12542437
Social House,6530139,1176,7251232
KC & The Sunshine Band,6528217,1287,7538481
Duncan Dhu,6525202,1737,6543056
Bappi Lahiri,6525153,1758,6525153
iñigo quintero,6509907,140,28969719
Virlan Garcia,6506975,1332,7464163
Mc Ster,6501427,1745,6583312
Mc Jacaré,6501119,1189,8039743
Péricles,6498942,1277,7730653
Hugh Jackman,6489838,1464,7362541
Sam Fender,6488715,1038,9077301
Raj Ranjodh,6487915,1082,9146047
Blxst,6487468,771,9488271
JC Reyes,6486483,1076,9331055
FKJ,6476415,1072,9015890
Plain White T's,6476193,1345,7291118
Phantogram,6474759,1252,6704724
The Cars,6474016,1109,8188185
Dulquer Salmaan,6469408,387,17088524
Five Finger Death Punch,6466080,1192,7365100
The Blessed Madonna,6464594,973,9987172
Ink,6462065,873,10844438
K. J. Yesudas,6461481,1672,6790414
Oldilla,6459585,1328,8201529
$werve,6453036,1779,6453036
BYOR,6449177,740,9642087
Valentín Elizalde,6448435,1509,6905596
La Roux,6447632,1364,7924091
Hollow Coves,6440863,1489,7291823
Mamta Sharma,6440382,1784,6440382
Sanjay Leela Bhansali,6439371,1234,7529143
Young the Giant,6438965,1181,8031927
Chuyin,6434647,1787,6434647
Damiano David,6427611,1788,6427611
Lalo Ebratt,6426960,1289,6848168
The Vamps,6420991,871,8853137
Espinoza Paz,6419804,1791,6419804
Frankie Valli & The Four Seasons,6418287,1112,8115571
Ari Abdul,6415330,1635,6463505
Los Invasores De Nuevo León,6413352,1591,7172669
"Dream, Ivory",6411740,1514,7391972
DJ JB Mix,6410249,1346,8224526
Pantera,6409873,1525,6715515
The Wanted,6409508,1178,7824686
LP,6407160,1429,7016850
Dedublüman,6406636,1705,6676227
Alexandra Stan,6402583,1465,7102127
Simply Red,6399534,1488,6979913
Gigamesh,6399106,1478,7157637
GORDÃO DO PC,6392255,1746,6392255
Fonseca,6389647,1363,6757897
Rob Zombie,6388432,1495,7375209
Alexis y Fido,6383323,1197,8909993
Deep Purple,6379843,1331,6953828
Hippie Sabotage,6377072,1217,7555529
Ashanti,6372082,1326,7566417
Yebba,6371477,1362,7328580
Savage Garden,6371043,1487,7420872
ACRAZE,6370699,577,11380380
La Receta,6370347,1481,7558577
Perera DJ,6366164,1300,7623352
Mabel,6365281,749,9481688
Eric Prydz,6364839,1204,8587163
The Magician,6364085,1448,7448360
Carly Simon,6363983,1483,7016910
Janieck,6362177,1453,7518019
Good Charlotte,6359833,1549,6990936
Phoenix,6358369,1477,7152731
El Chapo De Sinaloa,6357431,1295,7980278
Shalmali Kholgade,6356373,1618,6582348
Quality Control,6354884,1305,6462956
Sam Hunt,6349647,770,10404841
Omar Montes,6343957,853,11031583
Remmy Valenzuela,6342221,1804,6354082
Sfera Ebbasta,6340729,703,11111971
MC Kevinho,6336492,1563,6588425
Hillsong Worship,6333682,1546,6365094
Kapil Kapilan,6328403,1677,6734014
Hardwell,6327933,1070,7807224
Hesham Abdul Wahab,6326159,1387,6880506
Gnarls Barkley,6322824,784,10449273
Scythermane,6322276,1836,6322276
Alice Deejay,6320846,1802,6344185
Umair,6318039,1835,6318039
Nacho,6314368,1460,6364764
Pink Sweat$,6313181,696,10134814
Jacquees,6312846,1629,6312846
ATB,6306832,1355,7310007
YG Marley,6303198,302,20937982
Tayc,6299904,948,10101485
Jaxomy,6293022,462,16960632
Neto Peña,6285657,1524,6734799
Delacruz,6282573,1446,7499284
Zoe Wees,6280142,1130,8361402
Beck,6273725,1214,7510815
Kenny Chesney,6272809,880,9743331
TrapLaudo,6270394,965,9678797
Travie McCoy,6269115,1073,9499530
Darius Rucker,6268128,1070,8817451
The Emotions,6266099,1213,8888514
Murillo e LT no Beat,6263876,975,9628998
Carpenters,6261108,428,17864695
Super Yei,6257195,1857,6257195
Los Cadetes De Linares,6255586,1395,7995798
Marisela,6254323,1353,7870024
Paul Russell,6250470,546,13872224
James Carter,6249092,582,11924918
Dylan Scott,6246376,1262,8124241
Javed Akhtar,6243966,1686,6562942
Kavita Seth,6242991,1046,8494449
Sofi Tukker,6242948,972,8283427
Léo Santana,6242294,489,12793052
Brando,6241629,1124,8484693
Grupo Revelação,6241199,1568,7266853
The La Planta,6236848,1341,7943930
Sheila On 7,6236765,1589,6675547
Lauren Daigle,6235328,1330,7416297
Dudy Oris,6230332,1116,9199936
BANNERS,6226964,1183,7381611
808iuli,6222441,1317,8109616
DJ FKU,6220576,951,9963180
Boy Wonder CF,6220440,1708,6342253
Genesis,6220038,1096,7961011
Mansheel Gujral,6213960,1878,6213960
Claude Debussy,6211555,1500,6362621
Joe Cocker,6207636,1364,7150193
Marta Sánchez,6206094,1399,6769023
Corinne Bailey Rae,6204716,1356,7519222
Yot Club,6201182,1106,8234421
Código FN,6197903,1032,9044494
The Greatest Showman Ensemble,6194523,1685,6555205
Agatino Romero,6191095,510,16015046
Tz da Coronel,6187162,1026,9245497
Up Dharma Down,6186578,1861,6193664
Woodkid,6186113,1322,8261291
Shraddha Kapoor,6184826,1890,6184826
Vaundy,6182508,1729,6264726
Blood Orange,6181960,1840,6181960
Inner Circle,6181244,1524,7111103
Zack Tabudlo,6180222,993,8641464
Mc Kevin,6179727,1418,7305038
Mufasa & Hypeman,6178154,1417,6778711
Olivia Dean,6177029,1897,6177029
Panter Bélico,6175001,1123,8452106
Prezioso,6174167,1189,8128818
Amaarae,6174114,905,10695192
Cup of Joe,6172990,1896,6172990
TOKYOPHILE,6170437,1884,6170437
Ami Mishra,6167257,1887,6176566
The Calling,6165977,1324,7767851
Apache 207,6165056,1239,7326619
Ovi,6164559,1106,7391087
AUR,6160981,1002,9236114
Betsy,6159783,1786,6483630
Cameron Whitcomb,6157662,1909,6157662
Route 94,6154783,1910,6154783
Creeds,6149824,963,9915553
Cordae,6147427,689,11325024
Uzielito Mix,6139508,705,11822681
Victony,6130825,1453,7362836
Maki,6129299,1387,7572344
Nightcrawlers,6125088,1172,7556620
The Ronettes,6106163,68,48233638
Ginuwine,6101576,1343,6744656
Vanessa Carlton,6099494,1662,6386682
Aaron Smith,6098534,1338,7694455
New Order,6092208,1257,6523858
Ed Maverick,6087587,1492,6811162
JACKBOYS,6086413,1269,6876798
MC Bruno MS,6082584,1888,6161220
sped up nightcore,6080449,300,17931530
The Alchemist,6077765,1120,7310016
DJ Guh Mix,6075714,1861,6275757
Tippu,6068817,1904,6068817
JR Torres,6062778,1929,6062778
Antonio Vivaldi,6062566,1549,7064842
Ricchi E Poveri,6060845,1199,8252737
Tom Rosenthal,6056870,1288,6768536
M. M. Keeravaani,6055375,1058,7564940
Krono,6054525,1333,7709849
reidenshi,6052004,1416,7227969
Michael Kiwanuka,6051396,1648,6813769
MC Davo,6051042,1650,6251929
Koe Wetzel,6050871,1236,8269844
Lil Jon,6049880,1172,8330806
Massive Attack,6048906,1940,6048906
LeAnn Rimes,6046588,1940,6046588
BK,6038235,1942,6038235
Maelo Ruiz,6036354,1842,6338387
DJ Miller Oficial,6027988,1944,6027988
Adie,6027856,1892,6027856
RADWIMPS,6026442,1315,6704898
Extreme,6026280,1696,6026280
Vengaboys,6025232,1790,6432951
Big Thief,6023225,1845,6045726
Miranda Lambert,6021659,847,9945780
Sara Bareilles,6018873,1397,6548202
Semicenk,6018705,1480,7457080
Polaris,6016031,1613,6832833
GAMPER & DADONI,6014964,1142,7881698
Mckyyy,6011323,1439,7738369
Tiakola,6006217,1230,7581179
Katrina & The Waves,6004762,1249,7316639
Dj Yuri Pedrada,6004424,1958,6004424
Lifehouse,6001609,1770,6003518
Redbone,6001423,647,13735798
Ana Bárbara,6001250,1387,6206311
Leon Thomas,5997104,1962,5997104
DG e Batidão Stronda,5996803,1737,6655448
Jay Trak,5994394,1567,7243756
Dallass,5993856,1249,6890974
Axwell,5983837,1758,6309246
Sezen Aksu,5981552,1730,6132087
Damian Marley,5981231,1499,6909318
SDM,5977527,1760,6412469
Liana Flores,5976149,1579,7088216
TJ Monterde,5973241,1605,6872616
Valentino Merlo,5973175,1185,8827569
Billy Ocean,5972812,1497,7084011
MC LONE,5972646,1774,6554547
Steely Dan,5971776,1488,6420590
Pierce The Veil,5971254,1629,6025555
Ben&Ben,5961698,1694,6133370
Hal,5958016,1834,6346840
Matt Maltese,5957869,1189,8240255
La Santa Grifa,5956780,1928,5956780
Carlos Baute,5953386,1183,7658070
Lefty Sm,5952488,996,8808088
Dwayne Johnson,5952381,1805,6368015
SNAP!,5952345,1863,6246274
Seventeen,5949120,1167,8279783
Michael Giacchino,5946590,1616,6418207
Bonn,5945284,1544,7009704
Chandra Bose,5943903,1667,6916084
HYBS,5943546,1346,7654400
Varun Grover,5943181,1990,5943181
Parmish Verma,5936891,1156,7896722
Sameer Anjaan,5936016,1473,7578832
Los Plebes del Rancho de Ariel Camacho,5931045,1687,5951769
Estelle,5930045,1713,6457120
Dimension Latina,5928869,1806,6184690
Jerry Rivera,5928232,1827,6317804
NBSPLV,5927089,1258,7406470
Los Socios Del Ritmo,5924373,1585,7213939
SEVENTEEN,5923195,889,9240435
ANAVITÓRIA,5921995,1953,6023331
Kevin AMF,5920445,1091,9415420
DJ WN,5919680,1039,9562172
Gloria Estefan,5917401,1163,7479364
SLANDER,5915696,1001,8719324
CNCO,5915376,901,8273953
THE BOX,5915125,1472,7305421
Jay R,5913161,1249,8465625
Batas Senja,5912423,1737,6060398
Mr. Belt & Wezol,5912351,1010,9705318
Libianca,5911067,254,21800126
Simran Choudhary,5909989,1073,9495117
Cavetown,5906789,1114,7192919
John Williams,5905003,101,39541089
Marnik,5899341,1072,9016102
Sleeping At Last,5895309,1144,7891847
Elefante,5892243,1825,5892243
Why Don't We,5880789,881,9309552
N.W.A.,5879486,1558,6177972
Shenseea,5869413,1083,9120671
Pixote,5867392,1619,7050851
Supermode,5866610,1426,7281367
Corona,5863396,1880,6242321
Ivete Sangalo,5863358,749,11525185
Codiciado,5859069,1171,7311880
Tinlicker,5847820,1111,8679222
Stealers Wheel,5847646,1275,8007464
Clarent,5846367,1725,6567129
Rainbow Kitten Surprise,5845367,1093,8812010
Lil Pump,5843154,1064,7549525
Budi Doremi,5842472,1508,6312262
Cookin' On 3 Burners,5842027,1181,8728038
Dean Martin,5839255,35,61464079
Yeri Mua,5834787,853,10520428
Max McNown,5834549,1580,7246717
The Living Tombstone,5829169,738,10920356
Nate Traveller,5823400,2014,5823400
Hillsong UNITED,5820924,1641,5902984
Al Green,5817553,1367,7405318
Zach Top,5817316,2039,5817316
A-Trak,5812566,1753,6405074
Aminé,5810149,632,11894189
Sub Urban,5801304,1361,6257064
Jennifer Warnes,5798030,1732,5995589
La Mosca,5797401,1708,6319822
Keala Settle,5796333,1725,6334829
Roberto Carlos,5795134,1593,6394957
VIZE,5784847,916,9673119
Aastha Gill,5775866,1548,7146612
BONES,5775167,994,7968560
Swarnalatha,5770512,2018,5770512
V,5770257,558,13087990
Nuzio Medeiros,5768175,1974,5924412
BM,5765167,1083,8811798
Daler Mehndi,5760239,2036,5774264
Klaas,5759713,1592,6425498
Sushin Shyam,5759666,1252,8356671
Trevor Daniel,5754359,968,9590211
JT,5753156,1300,7283189
LF SYSTEM,5748638,1228,8406731
Aaron Modesto,5744086,2021,5837933
Angèle,5738442,1404,6894971
raissa anggiani,5734384,1365,6827986
Chefin,5722695,975,9515372
Sanam,5721321,1537,6025452
BLOK3,5716270,2057,5770043
Jeff Buckley,5713877,2066,5713877
Aaliyah,5710787,1248,7854737
41,5705942,1577,7014783
Angus & Julia Stone,5701061,1698,6265122
Nyoman Paul,5701060,1778,6405104
MC Saci,5700387,781,11475645
REO Speedwagon,5699820,1393,7462185
Jaden Bojsen,5695825,2073,5695825
Christopher Jackson,5695614,2048,5699251
Lvbel C5,5695472,1609,6661995
Natalie Cole,5693719,1675,6323779
Lomiiel,5692730,891,10748118
Leony,5690981,993,9789941
Prashant Ingole,5690375,1765,6292583
Pablo Chill-E,5687283,999,9791126
Santigold,5682336,816,11592317
Bea Miller,5681319,1078,7414206
Rick Springfield,5678082,1600,6969013
Royal Philharmonic Orchestra,5677859,1151,9164113
Pedro Lotto,5676682,1134,8332406
Ken-Y,5676115,1863,5676853
Baby Rasta,5672723,609,10986033
Nena,5671217,1691,6391384
The Bangles,5669736,1629,6024943
Abel Pintos,5664713,1666,6141431
Damso,5663779,1571,6049902
Robin Thicke,5663166,1657,5828885
Alex Ubago,5663085,1399,7668561
Luis Mexia,5659196,1378,6219575
Belinda Carlisle,5658123,1889,5801574
Ikka,5657442,1570,6805552
Wyclef Jean,5653321,1606,6137877
Pancho Barraza,5652057,1978,5786235
G Herbo,5640332,1175,7665492
Jamiroquai,5637338,1733,6086034
Janet Jackson,5632667,1438,5941209
Takeoff,5631294,635,10587587
Sam Martin,5630130,2103,5630130
TAEYANG,5628145,1044,8196400
Take That,5626983,1585,6456209
Red Velvet,5620097,1034,7780995
Edward Sharpe & The Magnetic Zeros,5619888,1575,6824377
The Cinematic Orchestra,5618843,1458,6914584
Gala,5618060,1420,7210635
Mc Poze do Rodo,5613658,1169,8583708
Waka Flocka Flame,5611786,1472,6430866
Antonio Aguilar,5609849,1978,6001445
Simge,5609806,1798,6082947
thiarajxtt,5609022,1533,7220229
Miky Woodz,5607677,1779,6041232
Guè,5603171,1601,6735153
MC Paulin da Capital,5602639,1150,8762806
nimino,5600740,2096,5600740
AVAION,5600540,2078,5612352
Maverick City Music,5596269,1843,6182913
Richard Marx,5595312,1921,5793041
Martin Solveig,5593903,1465,6162897
Anurag Kulkarni,5592406,2054,5645261
Beret,5590273,1344,6605918
Skillibeng,5590061,669,12842008
Suara Kayu,5587027,1870,6130980
Roar,5583888,1002,7895115
Mano,5582717,1971,5854389
Kris R.,5581024,2129,5581024
adore,5577889,2130,5577889
MC Torugo,5576466,2131,5576466
AJ Tracey,5575859,1636,6646328
Juhn,5574369,1634,6593948
Rio Romeo,5573820,1270,7676248
Miggy Dela Rosa,5572004,581,11442944
Kevin Gates,5567394,1347,6599566
Daniel Hope,5565895,1778,5851053
Afsana Khan,5565623,2138,5565623
R.K.M & Ken-Y,5564737,1615,5564737
Jakes Bejoy,5564439,1786,5681771
Ski Aggu,5564159,1386,7602699
Rich The Kid,5563771,130,32410422
Donna Summer,5560980,1577,6062032
Four Tops,5552488,1465,7055964
Pat Benatar,5549888,1673,5988067
Sofía Reyes,5545216,607,12276010
Nathan Evans,5534801,1571,6470712
BoyWithUke,5534116,743,9580542
Kamal Khan,5533534,2149,5533534
"Grover Washington, Jr.",5532810,1459,6401046
Bethel Music,5532407,2122,5532407
ThxSoMch,5527383,783,9386209
Bobby Pulido,5521887,1557,6392209
DJ BOY,5518485,1708,6258214
Ely Oaks,5512871,2155,5512871
Neo Beats,5510657,956,8012871
Manu,5508249,935,9794583
Cypress Hill,5506821,1349,6986666
Payung Teduh,5504714,2097,5716532
Sam C.S.,5503297,1398,6852244
Oxlade,5498072,1192,7603048
sped up + slowed,5491897,640,11797289
GROUPLOVE,5491641,1096,9113568
CamelPhat,5488739,1512,7035062
Kristen Bell,5488249,1519,7508214
xxanteria,5486691,1222,8223239
The Hollies,5482996,1397,7439225
Meiska,5481338,2020,5702234
Mandy Moore,5474806,1803,5474806
Geisha,5472179,1150,8290047
Gur Sidhu,5468554,1701,6032957
Chord Overstreet,5468080,1615,5835877
Joaquin Medina,5465356,847,10467574
Judika,5465113,1891,6132623
Manim Vaqueiro,5459069,926,10154894
Chalino Sanchez,5455419,1929,6115414
Anvita Dutt Guptan,5454832,1844,6171071
Travis Barker,5452588,855,9472692
T3R Elemento,5449407,1787,6223831
BLOND:ISH,5446197,2160,5447548
Bryan Martin,5445175,1429,7392550
Edicion Especial,5444923,2182,5444923
LONOWN,5441653,2164,5441653
Spandau Ballet,5439814,2184,5439814
Sash!,5435038,1089,8199995
Savi Kahlon,5434870,1617,6805382
Revol,5429618,2041,5542463
Djonga,5426757,1376,7011516
Sido,5422905,1427,6293463
twocolors,5421586,1370,6983839
Hamsika Iyer,5420935,1936,5921442
Ranjith Govind,5416886,2101,5442134
Los Auténticos Decadentes,5407656,1292,6390639
Rob49,5406013,1122,8014400
Rich Amiri,5405192,676,12434212
Borges,5402529,914,9916820
Grupo Bryndis,5399331,2170,5399331
Niska,5394151,1740,6021632
Matt Hansen,5392555,1534,6819799
Puddle Of Mudd,5390949,2187,5390949
Staind,5390443,1933,5677560
Dabzee,5386739,1603,6697619
The xx,5385614,1504,6475459
Blu Cantrell,5379076,2012,5744181
IV Of Spades,5378340,1926,6071006
Kaique e Felipe,5377814,1293,8484988
Steve Angello,5377520,2024,5619561
KSI,5377343,743,12222576
A Touch Of Class,5374223,1445,6716045
Tom Jones,5372390,1479,7112709
Bronco,5360592,1161,8786823
Wu-Tang Clan,5352788,1419,6402931
Ivy Queen,5350989,1120,8638673
Tyler Braden,5350739,2094,5600878
Öwnboss,5347300,1064,7477810
Nicky Romero,5342861,1565,6125301
Lazza,5341588,1083,7325144
INTERWORLD,5338810,711,10809092
LeeHi,5337153,2147,5563985
Zeeba,5333665,1860,5744264
Gurpreet Saini,5331429,1396,7646627
Dr. Dog,5331205,1953,5759566
Vivek,5329193,2069,5665736
Dewa,5328783,1800,5812937
Wajid,5326667,2225,5326667
Bipolar Sunshine,5325383,2226,5325383
ZICO,5325028,901,10534342
Tribbs,5320702,1021,9550305
DJ JOAO DA INESTAN,5320079,1366,7615635
Belo,5319188,1923,6147370
Don Henley,5315561,1657,6129075
Kid Rock,5313028,1249,8198155
Jet,5312215,1229,8538549
Erik Satie,5312072,1832,5685950
Ramones,5310155,1270,7387634
Guilherme & Santiago,5306812,1704,6755912
J Abecia,5305432,1642,7005775
Mxrci,5303078,1501,7112029
Marca MP,5299596,936,8788069
Los Fabulosos Cadillacs,5298379,1550,6717181
Isaiah Rashad,5297779,1990,5469325
Yura Yunita,5297207,1377,7417535
Slowboy,5293407,1383,6864811
Astrid S,5290573,1034,8152622
Geolier,5289706,1238,7983824
George Henrique & Rodrigo,5289443,1024,9297307
Kah-Lo,5282668,1993,5772297
Bread,5280379,1915,5854332
Lary Over,5279786,1925,5639719
Edwin Luna y La Trakalosa de Monterrey,5277596,1751,6013537
t.A.T.u.,5275013,1884,5330975
Pinkfong,5274959,2050,5654258
Eiffel 65,5270997,1586,5725560
Madan Mohan,5268289,1869,5903897
Alex Gaudino,5266939,1832,5941546
Cristiano Araújo,5266333,2235,5266333
Mc Laranjinha,5263582,1178,8501085
CERES,5262643,1240,8277134
Trinix,5262642,1270,7795002
Flowdan,5262031,1368,7166871
Chelsea Cutler,5259436,968,8088113
Victor Cibrian,5257041,1592,6736594
DJ ALEX,5256425,2260,5256425
Berlin,5256403,1399,7621746
MC Xangai,5254804,2146,5546258
Faouzia,5253887,2155,5494775
House Of Pain,5253742,1872,5938385
Yuri,5253238,1242,8653047
Pinegrove,5243266,2112,5376037
Jamie Foxx,5237768,1751,5602271
Humberto & Ronaldo,5237669,893,10581548
Westlife,5235934,1466,5880391
Monica,5234030,1037,9499309
Chris Grey,5225705,2164,5345274
Grupo Mojado,5225010,1874,6013196
Dani Flow,5224884,477,16155643
Barry White,5224239,2101,5615190
Chitãozinho & Xororó,5223727,1611,6439152
Isadora Pompeo,5216884,1558,6605248
Lil Jon & The East Side Boyz,5216183,1705,6180160
Pesado,5215191,1156,8165012
OHGEESY,5214291,1635,6556038
Luis Enrique,5212457,2283,5212457
deadmau5,5210787,1302,6583562
Desi Crew,5209941,2108,5461697
Rampa,5209039,2278,5209039
Talha Anjum,5208589,2286,5208589
Bausa,5206047,1624,6657503
Orange & Lemons,5203941,2245,5294602
Marracash,5196623,1841,5579054
December Avenue,5194099,2291,5194099
Herencia De Grandes,5193844,2268,5206328
Sir Mix-A-Lot,5192313,2289,5192313
"Sergio Vega ""El Shaka""",5191301,2290,5191301
Maddix,5190989,1829,5961919
Josh Turner,5189362,1778,6028032
Shefali Alvares,5189293,2259,5189293
Maite Perroni,5181421,1175,6883353
Kaskade,5181036,1305,6562786
Surfaces,5180166,1043,8336270
Justine Skye,5169988,539,11860302
Fidel Rueda,5169427,2302,5169427
Nadhif Basalamah,5165826,1084,8605313
Era7capone,5163788,2304,5172709
Mobb Deep,5163343,1719,5543630
Adriel Favela,5162319,1218,7170042
Harish Raghavendra,5161254,2254,5161254
Bone Thugs-N-Harmony,5154152,1254,6586218
Diego Verdaguer,5150051,1906,5396332
Andra & The Backbone,5149880,2052,5390159
Philharmonia Orchestra,5146901,2306,5150214
El Jordan 23,5144920,777,11031020
Third Eye Blind,5144902,1682,6673036
RJ Pasin,5143240,2314,5143240
CJ,5141770,1576,6122202
Sinéad O'Connor,5141303,939,9208047
Jordin Sparks,5141117,1761,6372667
MC GH do 7,5138632,932,9797437
Trap Capos,5138291,2173,5381450
W Sound,5133657,1271,8353500
Huey Lewis & The News,5130995,1624,6595981
Dubdogz,5128638,1538,5919508
Dulce María,5127168,1191,6809255
Helsloot,5125623,1299,8096449
The Kinks,5123232,1256,7654624
Mike WiLL Made-It,5122699,1118,8130359
Whitesnake,5120871,1605,5797174
Björn Skifs,5120132,1809,5970638
Sérgio Mendes,5118409,1937,5781366
José Luis Perales,5118263,2038,5873226
Los Abuelos De La Nada,5117484,1992,5731290
Madcon,5115661,1790,6532252
Kenny Dope,5115449,1290,8039146
Mc Danny,5107025,823,8832159
Original Broadway Cast of Hamilton,5106326,2335,5106326
Aleks Syntek,5103591,2010,5103591
Dr. Alban,5101589,2093,5689499
S.P. Charan,5096994,2139,5113582
Sertab Erener,5095663,2146,5597367
Dharius,5094559,1881,5566234
Mc Magrinho,5091990,1288,7681537
Hale,5091572,2342,5091572
Aleyna Tilki,5091512,2270,5175938
Alonzo,5091181,1875,5692989
Seal,5090091,1697,6219877
Fools Garden,5089016,2084,5537673
Akhil,5084309,1079,8166073
Pailita,5083161,585,11280046
DannyLux,5081603,1391,6834950
Giorgio Moroder,5081203,2350,5081203
NATHY PELUSO,5080375,1341,7298986
Mc Pretchako,5078450,846,10888156
Kunal Ganjawala,5077733,2302,5090931
G.A,5075595,2240,5254583
Ghea Indrawari,5075246,886,9641695
Young Dolph,5075117,1541,6649397
Kavinsky,5073389,1782,6278709
Aziz Hedra,5071224,1477,6589599
Fivio Foreign,5066182,706,10141150
Gipsy Kings,5065236,1756,6215166
Kalyanji-Anandji,5063159,2340,5065529
RSCL,5061986,1522,7225063
Pooh Shiesty,5060378,1878,5476128
Tion Wayne,5059933,902,8886575
KXLLSWXTCH,5058671,1131,8002307
Fatboy Slim,5056718,1083,7929652
King Gnu,5056496,1504,6715161
Oscar D'León,5056184,2368,5056184
Happy Asmara,5055234,2250,0
Paul Anka,5054059,2026,5738470
Steppenwolf,5053825,1656,5876307
Wall Hein,5053468,990,8785923
Sheck Wes,5053344,1286,6857387
Yung Beef,5053031,2351,5075107
Arivu,5052880,1988,5789865
Pretenders,5052499,704,12970702
Sofia Carson,5047696,1499,6965782
Polimá Westcoast,5047355,415,14509409
LEGADO 7,5047317,2347,5190141
Ajaxx,5046523,1224,6928166
Dopamine,5045840,1410,6442156
Haley Reinhart,5045213,1600,5869986
Young Money,5036333,1545,6167443
Unnikrishnan,5034503,2318,5077281
Village People,5034489,1958,5679838
Pirlo,5030278,1732,6293656
Nico & Vinz,5030262,1421,7512860
That Mexican OT,5027603,1505,6919201
Gabriela Rocha,5025070,2093,5252644
Flow G,5023726,2314,5023726
Celeste,5020817,2159,5422522
Мария Янковская,5017352,2323,5048622
Alex Gargolas,5015231,1956,5679830
Tempoe,5015109,1406,7479721
Sub Focus,5015028,1993,5536830
Mike Bahía,5014374,1369,6457022
The Rare Occasions,5012379,1444,7307176
Caio Luccas,5010659,1815,5867160
Crazy Town,5007912,2312,5052511
Amenazzy,5007116,1470,7181964
Kina,5005843,1115,7274585
Tarcísio do Acordeon,5005124,1294,7270029
Rusha & Blizza,5005094,2403,5005094
Dakota,5003495,2221,5020825
Andy Rivera,5002427,1399,6004762
Srinivas,4997522,2390,4999396
MC L da Vinte,4997231,1793,5204483
LiSA,4994688,2207,5029893
Drowning Pool,4992572,2102,5450982
Emiway Bantai,4990827,2123,0
BossMan Dlow,4990742,1976,5847022
John Mellencamp,4990524,1308,7110678
Gustavo Cerati,4988221,2146,5144935
C-Kan,4982961,1992,5321784
Lil Tracy,4981786,1858,5723519
ian,4981585,1752,6415848
Skusta Clee,4979690,2417,4979690
Buffalo Springfield,4977602,681,13151503
AnnenMayKantereit,4974199,1380,6211064
Au/Ra,4973087,1194,6859938
NCTS,4968481,2404,4968481
Mareux,4965244,1486,5801197
Diego Torres,4963297,1900,5662724
Lou Reed,4962395,1862,5980714
Luther Vandross,4959849,1718,6410696
ANOTR,4957497,1577,6790565
Jex,4956300,2259,5198941
Heroes Del Silencio,4954978,2133,5255121
Cuco,4954915,1346,6374023
Sona Mohapatra,4954686,2368,4961358
Yuki Chiba,4947708,1982,5995297
mikeeysmind,4946345,1548,6992439
The Proclaimers,4945982,1304,7517411
Bruno Martini,4945686,1643,6004945
Lucky Brown,4944933,1944,5504257
Todah Music,4942001,2384,4942001
Charly Black,4941829,1785,4941829
Kardinal Offishall,4939822,2403,4959213
ROA,4938338,2439,4938338
Raim Laode,4938082,913,8878058
Hande Yener,4936879,1843,5935860
DEV,4934742,2442,4934742
Legião Urbana,4934506,2200,5281037
No Te Va Gustar,4932513,2143,5288198
Kelis,4929528,1746,5805954
Tungevaag,4926851,1246,6968091
Brad Paisley,4921693,1299,8242760
ChiChi Peralta,4919653,1888,6224363
Peter Gabriel,4916305,1504,5916206
Stardust,4916262,2176,5361221
Blue Swede,4911402,1896,5762837
Fast & Furious: The Fast Saga,4910388,280,20526487
6arelyhuman,4902593,1418,7314583
Edith Whiskers,4902409,2308,5165502
JAWNY,4899579,2034,5506676
MORTEN,4899376,2087,5161421
Tribalistas,4897060,2348,5054600
Anahí,4896128,1241,6599848
Hev Abi,4892132,1611,6643343
Mc Lipi,4891260,1299,7701395
Justin Hurwitz,4890993,1833,5867268
James Taylor,4886633,1458,6495651
Reyli Barba,4885707,1690,6504192
Salve Malak,4881897,1309,7138958
Sickick,4880867,1462,5825279
Lupe Fiasco,4880528,1781,5843600
IU,4880378,901,8805240
Baby Bash,4879788,2055,5165007
Gülşen,4874979,1746,6209633
L-Gante,4872898,1045,7518307
Malaysia Vasudevan,4871283,1427,7648535
José González,4869378,1772,6272255
Brandon Lake,4866381,2473,4866381
MC Meno K,4864450,2410,4898608
Keisya Levronka,4863843,1507,6259545
Dexys Midnight Runners,4863824,1820,5989339
Murtuza Khan,4861228,2477,4861228
Qadir Khan,4860949,2478,4860949
Cedric Gervais,4858650,1670,6555819
Armand Van Helden,4857907,1963,5181804
Masked Wolf,4857241,924,8528561
A Day To Remember,4856245,1803,5251262
Arsy Widianto,4855551,1394,7548522
Hector,4852413,2362,5027095
Maverick Sabre,4852285,2027,5749146
KSHMR,4851136,1187,7488809
Big Pun,4847976,2250,5195873
BENEE,4845290,1188,6861046
Gaby Music,4845163,893,10224708
Inspector,4844814,2049,5384623
Jon Secada,4844729,1868,4844729
Tonny Tun Tun,4844249,2368,5016287
KT Tunstall,4842893,1888,5737843
Soap&Skin,4842321,2172,5407528
Vijay,4840191,2082,5572008
Ana Mena,4838733,1322,8059640
The Red Jumpsuit Apparatus,4838552,1918,5657825
Hermanos Espinoza,4834885,2498,4834885
Kartik Dev,4833759,2496,4833759
Dj Guuga,4831121,2500,4831121
